PassengerId,Survived,Pclass,Sex,Age,SibSp,Parch,Fare,Embarked,Gender,Age_Imputed,Title,FamilySize,IsAlone,CabinDeck,TicketCount,Fare_outlier,Fare_capped,AgeGroup,Embarked_filled,Age_clean,Gender_num
1,0,3,male,22.0,1,0,7.25,S,0,22.0,,2,False,U,1,False,7.25,YoungAdult,S,22.0,
2,1,1,female,38.0,1,0,71.2833,C,1,38.0,,2,False,C,1,False,71.2833,Adult,C,38.0,
3,1,3,female,26.0,0,0,7.925,S,1,26.0,,1,True,U,1,False,7.925,YoungAdult,S,26.0,
4,1,1,female,35.0,1,0,53.1,S,1,35.0,,2,False,C,2,False,53.1,Adult,S,35.0,
5,0,3,male,35.0,0,0,8.05,S,0,35.0,,1,True,U,1,False,8.05,Adult,S,35.0,
6,0,3,male,,0,0,8.4583,Q,0,25.0,,1,True,U,1,False,8.4583,YoungAdult,Q,25.0,
7,0,1,male,54.0,0,0,51.8625,S,0,54.0,,1,True,E,1,False,51.8625,Adult,S,54.0,
8,0,3,male,2.0,3,1,21.075,S,0,2.0,,5,False,U,4,False,21.075,Child,S,2.0,
9,1,3,female,27.0,0,2,11.1333,S,1,27.0,,3,False,U,3,False,11.1333,YoungAdult,S,27.0,
10,1,2,female,14.0,1,0,30.0708,C,1,14.0,,2,False,U,2,False,30.0708,Teen,C,14.0,
11,1,3,female,4.0,1,1,16.7,S,1,4.0,,3,False,G,2,False,16.7,Child,S,4.0,
12,1,1,female,58.0,0,0,26.55,S,1,58.0,,1,True,C,1,False,26.55,Adult,S,58.0,
13,0,3,male,20.0,0,0,8.05,S,0,20.0,,1,True,U,1,False,8.05,YoungAdult,S,20.0,
14,0,3,male,39.0,1,5,31.275,S,0,39.0,,7,False,U,7,False,31.275,Adult,S,39.0,
15,0,3,female,14.0,0,0,7.8542,S,1,14.0,,1,True,U,1,False,7.8542,Teen,S,14.0,
16,1,2,female,55.0,0,0,16.0,S,1,55.0,,1,True,U,1,False,16.0,Adult,S,55.0,
17,0,3,male,2.0,4,1,29.125,Q,0,2.0,,6,False,U,5,False,29.125,Child,Q,2.0,
18,1,2,male,,0,0,13.0,S,0,30.0,,1,True,U,1,False,13.0,Adult,S,30.0,
19,0,3,female,31.0,1,0,18.0,S,1,31.0,,2,False,U,1,False,18.0,Adult,S,31.0,
20,1,3,female,,0,0,7.225,C,1,21.5,,1,True,U,1,False,7.225,YoungAdult,C,21.5,
21,0,2,male,35.0,0,0,26.0,S,0,35.0,,1,True,U,2,False,26.0,Adult,S,35.0,
22,1,2,male,34.0,0,0,13.0,S,0,34.0,,1,True,D,1,False,13.0,Adult,S,34.0,
23,1,3,female,15.0,0,0,8.0292,Q,1,15.0,,1,True,U,1,False,8.0292,Teen,Q,15.0,
24,1,1,male,28.0,0,0,35.5,S,0,28.0,,1,True,A,1,False,35.5,YoungAdult,S,28.0,
25,0,3,female,8.0,3,1,21.075,S,1,8.0,,5,False,U,4,False,21.075,Child,S,8.0,
26,1,3,female,38.0,1,5,31.3875,S,1,38.0,,7,False,U,4,False,31.3875,Adult,S,38.0,
27,0,3,male,,0,0,7.225,C,0,25.0,,1,True,U,1,False,7.225,YoungAdult,C,25.0,
28,0,1,male,19.0,3,2,263.0,S,0,19.0,,6,False,C,4,True,249.00622000000035,YoungAdult,S,19.0,
29,1,3,female,,0,0,7.8792,Q,1,21.5,,1,True,U,1,False,7.8792,YoungAdult,Q,21.5,
30,0,3,male,,0,0,7.8958,S,0,25.0,,1,True,U,1,False,7.8958,YoungAdult,S,25.0,
31,0,1,male,40.0,0,0,27.7208,C,0,40.0,,1,True,U,1,False,27.7208,Adult,C,40.0,
32,1,1,female,,1,0,146.5208,C,1,35.0,,2,False,B,2,False,146.5208,Adult,C,35.0,
33,1,3,female,,0,0,7.75,Q,1,21.5,,1,True,U,1,False,7.75,YoungAdult,Q,21.5,
34,0,2,male,66.0,0,0,10.5,S,0,66.0,,1,True,U,1,False,10.5,Senior,S,66.0,
35,0,1,male,28.0,1,0,82.1708,C,0,28.0,,2,False,U,2,False,82.1708,YoungAdult,C,28.0,
36,0,1,male,42.0,1,0,52.0,S,0,42.0,,2,False,U,2,False,52.0,Adult,S,42.0,
37,1,3,male,,0,0,7.2292,C,0,25.0,,1,True,U,1,False,7.2292,YoungAdult,C,25.0,
38,0,3,male,21.0,0,0,8.05,S,0,21.0,,1,True,U,1,False,8.05,YoungAdult,S,21.0,
39,0,3,female,18.0,2,0,18.0,S,1,18.0,,3,False,U,2,False,18.0,YoungAdult,S,18.0,
40,1,3,female,14.0,1,0,11.2417,C,1,14.0,,2,False,U,2,False,11.2417,Teen,C,14.0,
41,0,3,female,40.0,1,0,9.475,S,1,40.0,,2,False,U,1,False,9.475,Adult,S,40.0,
42,0,2,female,27.0,1,0,21.0,S,1,27.0,,2,False,U,2,False,21.0,YoungAdult,S,27.0,
43,0,3,male,,0,0,7.8958,C,0,25.0,,1,True,U,1,False,7.8958,YoungAdult,C,25.0,
44,1,2,female,3.0,1,2,41.5792,C,1,3.0,,4,False,U,3,False,41.5792,Child,C,3.0,
45,1,3,female,19.0,0,0,7.8792,Q,1,19.0,,1,True,U,1,False,7.8792,YoungAdult,Q,19.0,
46,0,3,male,,0,0,8.05,S,0,25.0,,1,True,U,1,False,8.05,YoungAdult,S,25.0,
47,0,3,male,,1,0,15.5,Q,0,25.0,,2,False,U,1,False,15.5,YoungAdult,Q,25.0,
48,1,3,female,,0,0,7.75,Q,1,21.5,,1,True,U,1,False,7.75,YoungAdult,Q,21.5,
49,0,3,male,,2,0,21.6792,C,0,25.0,,3,False,U,1,False,21.6792,YoungAdult,C,25.0,
50,0,3,female,18.0,1,0,17.8,S,1,18.0,,2,False,U,2,False,17.8,YoungAdult,S,18.0,
51,0,3,male,7.0,4,1,39.6875,S,0,7.0,,6,False,U,6,False,39.6875,Child,S,7.0,
52,0,3,male,21.0,0,0,7.8,S,0,21.0,,1,True,U,1,False,7.8,YoungAdult,S,21.0,
53,1,1,female,49.0,1,0,76.7292,C,1,49.0,,2,False,D,3,False,76.7292,Adult,C,49.0,
54,1,2,female,29.0,1,0,26.0,S,1,29.0,,2,False,U,1,False,26.0,YoungAdult,S,29.0,
55,0,1,male,65.0,0,1,61.9792,C,0,65.0,,2,False,B,1,False,61.9792,Senior,C,65.0,
56,1,1,male,,0,0,35.5,S,0,40.0,,1,True,C,1,False,35.5,Adult,S,40.0,
57,1,2,female,21.0,0,0,10.5,S,1,21.0,,1,True,U,1,False,10.5,YoungAdult,S,21.0,
58,0,3,male,28.5,0,0,7.2292,C,0,28.5,,1,True,U,1,False,7.2292,YoungAdult,C,28.5,
59,1,2,female,5.0,1,2,27.75,S,1,5.0,,4,False,U,3,False,27.75,Child,S,5.0,
60,0,3,male,11.0,5,2,46.9,S,0,11.0,,8,False,U,6,False,46.9,Child,S,11.0,
61,0,3,male,22.0,0,0,7.2292,C,0,22.0,,1,True,U,1,False,7.2292,YoungAdult,C,22.0,
62,1,1,female,38.0,0,0,80.0,,1,38.0,,1,True,B,2,False,80.0,Adult,S,38.0,
63,0,1,male,45.0,1,0,83.475,S,0,45.0,,2,False,C,2,False,83.475,Adult,S,45.0,
64,0,3,male,4.0,3,2,27.9,S,0,4.0,,6,False,U,6,False,27.9,Child,S,4.0,
65,0,1,male,,0,0,27.7208,C,0,40.0,,1,True,U,1,False,27.7208,Adult,C,40.0,
66,1,3,male,,1,1,15.2458,C,0,25.0,,3,False,U,2,False,15.2458,YoungAdult,C,25.0,
67,1,2,female,29.0,0,0,10.5,S,1,29.0,,1,True,F,1,False,10.5,YoungAdult,S,29.0,
68,0,3,male,19.0,0,0,8.1583,S,0,19.0,,1,True,U,1,False,8.1583,YoungAdult,S,19.0,
69,1,3,female,17.0,4,2,7.925,S,1,17.0,,7,False,U,1,False,7.925,Teen,S,17.0,
70,0,3,male,26.0,2,0,8.6625,S,0,26.0,,3,False,U,1,False,8.6625,YoungAdult,S,26.0,
71,0,2,male,32.0,0,0,10.5,S,0,32.0,,1,True,U,1,False,10.5,Adult,S,32.0,
72,0,3,female,16.0,5,2,46.9,S,1,16.0,,8,False,U,6,False,46.9,Teen,S,16.0,
73,0,2,male,21.0,0,0,73.5,S,0,21.0,,1,True,U,5,False,73.5,YoungAdult,S,21.0,
74,0,3,male,26.0,1,0,14.4542,C,0,26.0,,2,False,U,1,False,14.4542,YoungAdult,C,26.0,
75,1,3,male,32.0,0,0,56.4958,S,0,32.0,,1,True,U,7,False,56.4958,Adult,S,32.0,
76,0,3,male,25.0,0,0,7.65,S,0,25.0,,1,True,F,1,False,7.65,YoungAdult,S,25.0,
77,0,3,male,,0,0,7.8958,S,0,25.0,,1,True,U,1,False,7.8958,YoungAdult,S,25.0,
78,0,3,male,,0,0,8.05,S,0,25.0,,1,True,U,1,False,8.05,YoungAdult,S,25.0,
79,1,2,male,0.83,0,2,29.0,S,0,0.83,,3,False,U,2,False,29.0,Child,S,0.83,
80,1,3,female,30.0,0,0,12.475,S,1,30.0,,1,True,U,2,False,12.475,Adult,S,30.0,
81,0,3,male,22.0,0,0,9.0,S,0,22.0,,1,True,U,1,False,9.0,YoungAdult,S,22.0,
82,1,3,male,29.0,0,0,9.5,S,0,29.0,,1,True,U,1,False,9.5,YoungAdult,S,29.0,
83,1,3,female,,0,0,7.7875,Q,1,21.5,,1,True,U,1,False,7.7875,YoungAdult,Q,21.5,
84,0,1,male,28.0,0,0,47.1,S,0,28.0,,1,True,U,1,False,47.1,YoungAdult,S,28.0,
85,1,2,female,17.0,0,0,10.5,S,1,17.0,,1,True,U,1,False,10.5,Teen,S,17.0,
86,1,3,female,33.0,3,0,15.85,S,1,33.0,,4,False,U,2,False,15.85,Adult,S,33.0,
87,0,3,male,16.0,1,3,34.375,S,0,16.0,,5,False,U,4,False,34.375,Teen,S,16.0,
88,0,3,male,,0,0,8.05,S,0,25.0,,1,True,U,1,False,8.05,YoungAdult,S,25.0,
89,1,1,female,23.0,3,2,263.0,S,1,23.0,,6,False,C,4,True,249.00622000000035,YoungAdult,S,23.0,
90,0,3,male,24.0,0,0,8.05,S,0,24.0,,1,True,U,1,False,8.05,YoungAdult,S,24.0,
91,0,3,male,29.0,0,0,8.05,S,0,29.0,,1,True,U,1,False,8.05,YoungAdult,S,29.0,
92,0,3,male,20.0,0,0,7.8542,S,0,20.0,,1,True,U,1,False,7.8542,YoungAdult,S,20.0,
93,0,1,male,46.0,1,0,61.175,S,0,46.0,,2,False,E,1,False,61.175,Adult,S,46.0,
94,0,3,male,26.0,1,2,20.575,S,0,26.0,,4,False,U,2,False,20.575,YoungAdult,S,26.0,
95,0,3,male,59.0,0,0,7.25,S,0,59.0,,1,True,U,1,False,7.25,Adult,S,59.0,
96,0,3,male,,0,0,8.05,S,0,25.0,,1,True,U,1,False,8.05,YoungAdult,S,25.0,
97,0,1,male,71.0,0,0,34.6542,C,0,71.0,,1,True,A,1,False,34.6542,Senior,C,71.0,
98,1,1,male,23.0,0,1,63.3583,C,0,23.0,,2,False,D,1,False,63.3583,YoungAdult,C,23.0,
99,1,2,female,34.0,0,1,23.0,S,1,34.0,,2,False,U,2,False,23.0,Adult,S,34.0,
100,0,2,male,34.0,1,0,26.0,S,0,34.0,,2,False,U,2,False,26.0,Adult,S,34.0,
101,0,3,female,28.0,0,0,7.8958,S,1,28.0,,1,True,U,1,False,7.8958,YoungAdult,S,28.0,
102,0,3,male,,0,0,7.8958,S,0,25.0,,1,True,U,1,False,7.8958,YoungAdult,S,25.0,
103,0,1,male,21.0,0,1,77.2875,S,0,21.0,,2,False,D,2,False,77.2875,YoungAdult,S,21.0,
104,0,3,male,33.0,0,0,8.6542,S,0,33.0,,1,True,U,1,False,8.6542,Adult,S,33.0,
105,0,3,male,37.0,2,0,7.925,S,0,37.0,,3,False,U,1,False,7.925,Adult,S,37.0,
106,0,3,male,28.0,0,0,7.8958,S,0,28.0,,1,True,U,1,False,7.8958,YoungAdult,S,28.0,
107,1,3,female,21.0,0,0,7.65,S,1,21.0,,1,True,U,1,False,7.65,YoungAdult,S,21.0,
108,1,3,male,,0,0,7.775,S,0,25.0,,1,True,U,1,False,7.775,YoungAdult,S,25.0,
109,0,3,male,38.0,0,0,7.8958,S,0,38.0,,1,True,U,1,False,7.8958,Adult,S,38.0,
110,1,3,female,,1,0,24.15,Q,1,21.5,,2,False,U,3,False,24.15,YoungAdult,Q,21.5,
111,0,1,male,47.0,0,0,52.0,S,0,47.0,,1,True,C,2,False,52.0,Adult,S,47.0,
112,0,3,female,14.5,1,0,14.4542,C,1,14.5,,2,False,U,2,False,14.4542,Teen,C,14.5,
113,0,3,male,22.0,0,0,8.05,S,0,22.0,,1,True,U,1,False,8.05,YoungAdult,S,22.0,
114,0,3,female,20.0,1,0,9.825,S,1,20.0,,2,False,U,1,False,9.825,YoungAdult,S,20.0,
115,0,3,female,17.0,0,0,14.4583,C,1,17.0,,1,True,U,2,False,14.4583,Teen,C,17.0,
116,0,3,male,21.0,0,0,7.925,S,0,21.0,,1,True,U,1,False,7.925,YoungAdult,S,21.0,
117,0,3,male,70.5,0,0,7.75,Q,0,70.5,,1,True,U,1,False,7.75,Senior,Q,70.5,
118,0,2,male,29.0,1,0,21.0,S,0,29.0,,2,False,U,2,False,21.0,YoungAdult,S,29.0,
119,0,1,male,24.0,0,1,247.5208,C,0,24.0,,2,False,B,2,False,247.5208,YoungAdult,C,24.0,
120,0,3,female,2.0,4,2,31.275,S,1,2.0,,7,False,U,7,False,31.275,Child,S,2.0,
121,0,2,male,21.0,2,0,73.5,S,0,21.0,,3,False,U,5,False,73.5,YoungAdult,S,21.0,
122,0,3,male,,0,0,8.05,S,0,25.0,,1,True,U,1,False,8.05,YoungAdult,S,25.0,
123,0,2,male,32.5,1,0,30.0708,C,0,32.5,,2,False,U,2,False,30.0708,Adult,C,32.5,
124,1,2,female,32.5,0,0,13.0,S,1,32.5,,1,True,E,1,False,13.0,Adult,S,32.5,
125,0,1,male,54.0,0,1,77.2875,S,0,54.0,,2,False,D,2,False,77.2875,Adult,S,54.0,
126,1,3,male,12.0,1,0,11.2417,C,0,12.0,,2,False,U,2,False,11.2417,Teen,C,12.0,
127,0,3,male,,0,0,7.75,Q,0,25.0,,1,True,U,1,False,7.75,YoungAdult,Q,25.0,
128,1,3,male,24.0,0,0,7.1417,S,0,24.0,,1,True,U,1,False,7.1417,YoungAdult,S,24.0,
129,1,3,female,,1,1,22.3583,C,1,21.5,,3,False,F,2,False,22.3583,YoungAdult,C,21.5,
130,0,3,male,45.0,0,0,6.975,S,0,45.0,,1,True,U,1,False,6.975,Adult,S,45.0,
131,0,3,male,33.0,0,0,7.8958,C,0,33.0,,1,True,U,1,False,7.8958,Adult,C,33.0,
132,0,3,male,20.0,0,0,7.05,S,0,20.0,,1,True,U,1,False,7.05,YoungAdult,S,20.0,
133,0,3,female,47.0,1,0,14.5,S,1,47.0,,2,False,U,1,False,14.5,Adult,S,47.0,
134,1,2,female,29.0,1,0,26.0,S,1,29.0,,2,False,U,1,False,26.0,YoungAdult,S,29.0,
135,0,2,male,25.0,0,0,13.0,S,0,25.0,,1,True,U,1,False,13.0,YoungAdult,S,25.0,
136,0,2,male,23.0,0,0,15.0458,C,0,23.0,,1,True,U,1,False,15.0458,YoungAdult,C,23.0,
137,1,1,female,19.0,0,2,26.2833,S,1,19.0,,3,False,D,1,False,26.2833,YoungAdult,S,19.0,
138,0,1,male,37.0,1,0,53.1,S,0,37.0,,2,False,C,2,False,53.1,Adult,S,37.0,
139,0,3,male,16.0,0,0,9.2167,S,0,16.0,,1,True,U,2,False,9.2167,Teen,S,16.0,
140,0,1,male,24.0,0,0,79.2,C,0,24.0,,1,True,B,2,False,79.2,YoungAdult,C,24.0,
141,0,3,female,,0,2,15.2458,C,1,21.5,,3,False,U,2,False,15.2458,YoungAdult,C,21.5,
142,1,3,female,22.0,0,0,7.75,S,1,22.0,,1,True,U,1,False,7.75,YoungAdult,S,22.0,
143,1,3,female,24.0,1,0,15.85,S,1,24.0,,2,False,U,2,False,15.85,YoungAdult,S,24.0,
144,0,3,male,19.0,0,0,6.75,Q,0,19.0,,1,True,U,1,False,6.75,YoungAdult,Q,19.0,
145,0,2,male,18.0,0,0,11.5,S,0,18.0,,1,True,U,1,False,11.5,YoungAdult,S,18.0,
146,0,2,male,19.0,1,1,36.75,S,0,19.0,,3,False,U,2,False,36.75,YoungAdult,S,19.0,
147,1,3,male,27.0,0,0,7.7958,S,0,27.0,,1,True,U,1,False,7.7958,YoungAdult,S,27.0,
148,0,3,female,9.0,2,2,34.375,S,1,9.0,,5,False,U,4,False,34.375,Child,S,9.0,
149,0,2,male,36.5,0,2,26.0,S,0,36.5,,3,False,F,3,False,26.0,Adult,S,36.5,
150,0,2,male,42.0,0,0,13.0,S,0,42.0,,1,True,U,1,False,13.0,Adult,S,42.0,
151,0,2,male,51.0,0,0,12.525,S,0,51.0,,1,True,U,1,False,12.525,Adult,S,51.0,
152,1,1,female,22.0,1,0,66.6,S,1,22.0,,2,False,C,2,False,66.6,YoungAdult,S,22.0,
153,0,3,male,55.5,0,0,8.05,S,0,55.5,,1,True,U,1,False,8.05,Adult,S,55.5,
154,0,3,male,40.5,0,2,14.5,S,0,40.5,,3,False,U,1,False,14.5,Adult,S,40.5,
155,0,3,male,,0,0,7.3125,S,0,25.0,,1,True,U,1,False,7.3125,YoungAdult,S,25.0,
156,0,1,male,51.0,0,1,61.3792,C,0,51.0,,2,False,U,1,False,61.3792,Adult,C,51.0,
157,1,3,female,16.0,0,0,7.7333,Q,1,16.0,,1,True,U,1,False,7.7333,Teen,Q,16.0,
158,0,3,male,30.0,0,0,8.05,S,0,30.0,,1,True,U,1,False,8.05,Adult,S,30.0,
159,0,3,male,,0,0,8.6625,S,0,25.0,,1,True,U,1,False,8.6625,YoungAdult,S,25.0,
160,0,3,male,,8,2,69.55,S,0,25.0,,11,False,U,7,False,69.55,YoungAdult,S,25.0,
161,0,3,male,44.0,0,1,16.1,S,0,44.0,,2,False,U,1,False,16.1,Adult,S,44.0,
162,1,2,female,40.0,0,0,15.75,S,1,40.0,,1,True,U,1,False,15.75,Adult,S,40.0,
163,0,3,male,26.0,0,0,7.775,S,0,26.0,,1,True,U,1,False,7.775,YoungAdult,S,26.0,
164,0,3,male,17.0,0,0,8.6625,S,0,17.0,,1,True,U,1,False,8.6625,Teen,S,17.0,
165,0,3,male,1.0,4,1,39.6875,S,0,1.0,,6,False,U,6,False,39.6875,Child,S,1.0,
166,1,3,male,9.0,0,2,20.525,S,0,9.0,,3,False,U,3,False,20.525,Child,S,9.0,
167,1,1,female,,0,1,55.0,S,1,35.0,,2,False,E,2,False,55.0,Adult,S,35.0,
168,0,3,female,45.0,1,4,27.9,S,1,45.0,,6,False,U,6,False,27.9,Adult,S,45.0,
169,0,1,male,,0,0,25.925,S,0,40.0,,1,True,U,1,False,25.925,Adult,S,40.0,
170,0,3,male,28.0,0,0,56.4958,S,0,28.0,,1,True,U,7,False,56.4958,YoungAdult,S,28.0,
171,0,1,male,61.0,0,0,33.5,S,0,61.0,,1,True,B,1,False,33.5,Senior,S,61.0,
172,0,3,male,4.0,4,1,29.125,Q,0,4.0,,6,False,U,5,False,29.125,Child,Q,4.0,
173,1,3,female,1.0,1,1,11.1333,S,1,1.0,,3,False,U,3,False,11.1333,Child,S,1.0,
174,0,3,male,21.0,0,0,7.925,S,0,21.0,,1,True,U,1,False,7.925,YoungAdult,S,21.0,
175,0,1,male,56.0,0,0,30.6958,C,0,56.0,,1,True,A,1,False,30.6958,Adult,C,56.0,
176,0,3,male,18.0,1,1,7.8542,S,0,18.0,,3,False,U,1,False,7.8542,YoungAdult,S,18.0,
177,0,3,male,,3,1,25.4667,S,0,25.0,,5,False,U,4,False,25.4667,YoungAdult,S,25.0,
178,0,1,female,50.0,0,0,28.7125,C,1,50.0,,1,True,C,1,False,28.7125,Adult,C,50.0,
179,0,2,male,30.0,0,0,13.0,S,0,30.0,,1,True,U,1,False,13.0,Adult,S,30.0,
180,0,3,male,36.0,0,0,0.0,S,0,36.0,,1,True,U,4,False,0.0,Adult,S,36.0,
181,0,3,female,,8,2,69.55,S,1,21.5,,11,False,U,7,False,69.55,YoungAdult,S,21.5,
182,0,2,male,,0,0,15.05,C,0,30.0,,1,True,U,1,False,15.05,Adult,C,30.0,
183,0,3,male,9.0,4,2,31.3875,S,0,9.0,,7,False,U,4,False,31.3875,Child,S,9.0,
184,1,2,male,1.0,2,1,39.0,S,0,1.0,,4,False,F,2,False,39.0,Child,S,1.0,
185,1,3,female,4.0,0,2,22.025,S,1,4.0,,3,False,U,1,False,22.025,Child,S,4.0,
186,0,1,male,,0,0,50.0,S,0,40.0,,1,True,A,1,False,50.0,Adult,S,40.0,
187,1,3,female,,1,0,15.5,Q,1,21.5,,2,False,U,2,False,15.5,YoungAdult,Q,21.5,
188,1,1,male,45.0,0,0,26.55,S,0,45.0,,1,True,U,1,False,26.55,Adult,S,45.0,
189,0,3,male,40.0,1,1,15.5,Q,0,40.0,,3,False,U,2,False,15.5,Adult,Q,40.0,
190,0,3,male,36.0,0,0,7.8958,S,0,36.0,,1,True,U,1,False,7.8958,Adult,S,36.0,
191,1,2,female,32.0,0,0,13.0,S,1,32.0,,1,True,U,1,False,13.0,Adult,S,32.0,
192,0,2,male,19.0,0,0,13.0,S,0,19.0,,1,True,U,1,False,13.0,YoungAdult,S,19.0,
193,1,3,female,19.0,1,0,7.8542,S,1,19.0,,2,False,U,1,False,7.8542,YoungAdult,S,19.0,
194,1,2,male,3.0,1,1,26.0,S,0,3.0,,3,False,F,3,False,26.0,Child,S,3.0,
195,1,1,female,44.0,0,0,27.7208,C,1,44.0,,1,True,B,1,False,27.7208,Adult,C,44.0,
196,1,1,female,58.0,0,0,146.5208,C,1,58.0,,1,True,B,2,False,146.5208,Adult,C,58.0,
197,0,3,male,,0,0,7.75,Q,0,25.0,,1,True,U,1,False,7.75,YoungAdult,Q,25.0,
198,0,3,male,42.0,0,1,8.4042,S,0,42.0,,2,False,U,1,False,8.4042,Adult,S,42.0,
199,1,3,female,,0,0,7.75,Q,1,21.5,,1,True,U,1,False,7.75,YoungAdult,Q,21.5,
200,0,2,female,24.0,0,0,13.0,S,1,24.0,,1,True,U,1,False,13.0,YoungAdult,S,24.0,
201,0,3,male,28.0,0,0,9.5,S,0,28.0,,1,True,U,1,False,9.5,YoungAdult,S,28.0,
202,0,3,male,,8,2,69.55,S,0,25.0,,11,False,U,7,False,69.55,YoungAdult,S,25.0,
203,0,3,male,34.0,0,0,6.4958,S,0,34.0,,1,True,U,1,False,6.4958,Adult,S,34.0,
204,0,3,male,45.5,0,0,7.225,C,0,45.5,,1,True,U,1,False,7.225,Adult,C,45.5,
205,1,3,male,18.0,0,0,8.05,S,0,18.0,,1,True,U,1,False,8.05,YoungAdult,S,18.0,
206,0,3,female,2.0,0,1,10.4625,S,1,2.0,,2,False,G,2,False,10.4625,Child,S,2.0,
207,0,3,male,32.0,1,0,15.85,S,0,32.0,,2,False,U,2,False,15.85,Adult,S,32.0,
208,1,3,male,26.0,0,0,18.7875,C,0,26.0,,1,True,U,2,False,18.7875,YoungAdult,C,26.0,
209,1,3,female,16.0,0,0,7.75,Q,1,16.0,,1,True,U,1,False,7.75,Teen,Q,16.0,
210,1,1,male,40.0,0,0,31.0,C,0,40.0,,1,True,A,1,False,31.0,Adult,C,40.0,
211,0,3,male,24.0,0,0,7.05,S,0,24.0,,1,True,U,1,False,7.05,YoungAdult,S,24.0,
212,1,2,female,35.0,0,0,21.0,S,1,35.0,,1,True,U,1,False,21.0,Adult,S,35.0,
213,0,3,male,22.0,0,0,7.25,S,0,22.0,,1,True,U,1,False,7.25,YoungAdult,S,22.0,
214,0,2,male,30.0,0,0,13.0,S,0,30.0,,1,True,U,1,False,13.0,Adult,S,30.0,
215,0,3,male,,1,0,7.75,Q,0,25.0,,2,False,U,1,False,7.75,YoungAdult,Q,25.0,
216,1,1,female,31.0,1,0,113.275,C,1,31.0,,2,False,D,3,False,113.275,Adult,C,31.0,
217,1,3,female,27.0,0,0,7.925,S,1,27.0,,1,True,U,1,False,7.925,YoungAdult,S,27.0,
218,0,2,male,42.0,1,0,27.0,S,0,42.0,,2,False,U,2,False,27.0,Adult,S,42.0,
219,1,1,female,32.0,0,0,76.2917,C,1,32.0,,1,True,D,1,False,76.2917,Adult,C,32.0,
220,0,2,male,30.0,0,0,10.5,S,0,30.0,,1,True,U,1,False,10.5,Adult,S,30.0,
221,1,3,male,16.0,0,0,8.05,S,0,16.0,,1,True,U,1,False,8.05,Teen,S,16.0,
222,0,2,male,27.0,0,0,13.0,S,0,27.0,,1,True,U,1,False,13.0,YoungAdult,S,27.0,
223,0,3,male,51.0,0,0,8.05,S,0,51.0,,1,True,U,1,False,8.05,Adult,S,51.0,
224,0,3,male,,0,0,7.8958,S,0,25.0,,1,True,U,1,False,7.8958,YoungAdult,S,25.0,
225,1,1,male,38.0,1,0,90.0,S,0,38.0,,2,False,C,2,False,90.0,Adult,S,38.0,
226,0,3,male,22.0,0,0,9.35,S,0,22.0,,1,True,U,1,False,9.35,YoungAdult,S,22.0,
227,1,2,male,19.0,0,0,10.5,S,0,19.0,,1,True,U,1,False,10.5,YoungAdult,S,19.0,
228,0,3,male,20.5,0,0,7.25,S,0,20.5,,1,True,U,1,False,7.25,YoungAdult,S,20.5,
229,0,2,male,18.0,0,0,13.0,S,0,18.0,,1,True,U,1,False,13.0,YoungAdult,S,18.0,
230,0,3,female,,3,1,25.4667,S,1,21.5,,5,False,U,4,False,25.4667,YoungAdult,S,21.5,
231,1,1,female,35.0,1,0,83.475,S,1,35.0,,2,False,C,2,False,83.475,Adult,S,35.0,
232,0,3,male,29.0,0,0,7.775,S,0,29.0,,1,True,U,1,False,7.775,YoungAdult,S,29.0,
233,0,2,male,59.0,0,0,13.5,S,0,59.0,,1,True,U,1,False,13.5,Adult,S,59.0,
234,1,3,female,5.0,4,2,31.3875,S,1,5.0,,7,False,U,4,False,31.3875,Child,S,5.0,
235,0,2,male,24.0,0,0,10.5,S,0,24.0,,1,True,U,1,False,10.5,YoungAdult,S,24.0,
236,0,3,female,,0,0,7.55,S,1,21.5,,1,True,U,1,False,7.55,YoungAdult,S,21.5,
237,0,2,male,44.0,1,0,26.0,S,0,44.0,,2,False,U,1,False,26.0,Adult,S,44.0,
238,1,2,female,8.0,0,2,26.25,S,1,8.0,,3,False,U,3,False,26.25,Child,S,8.0,
239,0,2,male,19.0,0,0,10.5,S,0,19.0,,1,True,U,1,False,10.5,YoungAdult,S,19.0,
240,0,2,male,33.0,0,0,12.275,S,0,33.0,,1,True,U,1,False,12.275,Adult,S,33.0,
241,0,3,female,,1,0,14.4542,C,1,21.5,,2,False,U,2,False,14.4542,YoungAdult,C,21.5,
242,1,3,female,,1,0,15.5,Q,1,21.5,,2,False,U,2,False,15.5,YoungAdult,Q,21.5,
243,0,2,male,29.0,0,0,10.5,S,0,29.0,,1,True,U,1,False,10.5,YoungAdult,S,29.0,
244,0,3,male,22.0,0,0,7.125,S,0,22.0,,1,True,U,1,False,7.125,YoungAdult,S,22.0,
245,0,3,male,30.0,0,0,7.225,C,0,30.0,,1,True,U,1,False,7.225,Adult,C,30.0,
246,0,1,male,44.0,2,0,90.0,Q,0,44.0,,3,False,C,2,False,90.0,Adult,Q,44.0,
247,0,3,female,25.0,0,0,7.775,S,1,25.0,,1,True,U,1,False,7.775,YoungAdult,S,25.0,
248,1,2,female,24.0,0,2,14.5,S,1,24.0,,3,False,U,2,False,14.5,YoungAdult,S,24.0,
249,1,1,male,37.0,1,1,52.5542,S,0,37.0,,3,False,D,2,False,52.5542,Adult,S,37.0,
250,0,2,male,54.0,1,0,26.0,S,0,54.0,,2,False,U,2,False,26.0,Adult,S,54.0,
251,0,3,male,,0,0,7.25,S,0,25.0,,1,True,U,1,False,7.25,YoungAdult,S,25.0,
252,0,3,female,29.0,1,1,10.4625,S,1,29.0,,3,False,G,2,False,10.4625,YoungAdult,S,29.0,
253,0,1,male,62.0,0,0,26.55,S,0,62.0,,1,True,C,1,False,26.55,Senior,S,62.0,
254,0,3,male,30.0,1,0,16.1,S,0,30.0,,2,False,U,2,False,16.1,Adult,S,30.0,
255,0,3,female,41.0,0,2,20.2125,S,1,41.0,,3,False,U,2,False,20.2125,Adult,S,41.0,
256,1,3,female,29.0,0,2,15.2458,C,1,29.0,,3,False,U,1,False,15.2458,YoungAdult,C,29.0,
257,1,1,female,,0,0,79.2,C,1,35.0,,1,True,U,1,False,79.2,Adult,C,35.0,
258,1,1,female,30.0,0,0,86.5,S,1,30.0,,1,True,B,3,False,86.5,Adult,S,30.0,
259,1,1,female,35.0,0,0,512.3292,C,1,35.0,,1,True,U,3,True,249.00622000000035,Adult,C,35.0,
260,1,2,female,50.0,0,1,26.0,S,1,50.0,,2,False,U,2,False,26.0,Adult,S,50.0,
261,0,3,male,,0,0,7.75,Q,0,25.0,,1,True,U,1,False,7.75,YoungAdult,Q,25.0,
262,1,3,male,3.0,4,2,31.3875,S,0,3.0,,7,False,U,4,False,31.3875,Child,S,3.0,
263,0,1,male,52.0,1,1,79.65,S,0,52.0,,3,False,E,3,False,79.65,Adult,S,52.0,
264,0,1,male,40.0,0,0,0.0,S,0,40.0,,1,True,B,1,False,0.0,Adult,S,40.0,
265,0,3,female,,0,0,7.75,Q,1,21.5,,1,True,U,1,False,7.75,YoungAdult,Q,21.5,
266,0,2,male,36.0,0,0,10.5,S,0,36.0,,1,True,U,1,False,10.5,Adult,S,36.0,
267,0,3,male,16.0,4,1,39.6875,S,0,16.0,,6,False,U,6,False,39.6875,Teen,S,16.0,
268,1,3,male,25.0,1,0,7.775,S,0,25.0,,2,False,U,1,False,7.775,YoungAdult,S,25.0,
269,1,1,female,58.0,0,1,153.4625,S,1,58.0,,2,False,C,3,False,153.4625,Adult,S,58.0,
270,1,1,female,35.0,0,0,135.6333,S,1,35.0,,1,True,C,3,False,135.6333,Adult,S,35.0,
271,0,1,male,,0,0,31.0,S,0,40.0,,1,True,U,2,False,31.0,Adult,S,40.0,
272,1,3,male,25.0,0,0,0.0,S,0,25.0,,1,True,U,4,False,0.0,YoungAdult,S,25.0,
273,1,2,female,41.0,0,1,19.5,S,1,41.0,,2,False,U,2,False,19.5,Adult,S,41.0,
274,0,1,male,37.0,0,1,29.7,C,0,37.0,,2,False,C,1,False,29.7,Adult,C,37.0,
275,1,3,female,,0,0,7.75,Q,1,21.5,,1,True,U,1,False,7.75,YoungAdult,Q,21.5,
276,1,1,female,63.0,1,0,77.9583,S,1,63.0,,2,False,D,3,False,77.9583,Senior,S,63.0,
277,0,3,female,45.0,0,0,7.75,S,1,45.0,,1,True,U,1,False,7.75,Adult,S,45.0,
278,0,2,male,,0,0,0.0,S,0,30.0,,1,True,U,3,False,0.0,Adult,S,30.0,
279,0,3,male,7.0,4,1,29.125,Q,0,7.0,,6,False,U,5,False,29.125,Child,Q,7.0,
280,1,3,female,35.0,1,1,20.25,S,1,35.0,,3,False,U,2,False,20.25,Adult,S,35.0,
281,0,3,male,65.0,0,0,7.75,Q,0,65.0,,1,True,U,1,False,7.75,Senior,Q,65.0,
282,0,3,male,28.0,0,0,7.8542,S,0,28.0,,1,True,U,1,False,7.8542,YoungAdult,S,28.0,
283,0,3,male,16.0,0,0,9.5,S,0,16.0,,1,True,U,1,False,9.5,Teen,S,16.0,
284,1,3,male,19.0,0,0,8.05,S,0,19.0,,1,True,U,1,False,8.05,YoungAdult,S,19.0,
285,0,1,male,,0,0,26.0,S,0,40.0,,1,True,A,1,False,26.0,Adult,S,40.0,
286,0,3,male,33.0,0,0,8.6625,C,0,33.0,,1,True,U,1,False,8.6625,Adult,C,33.0,
287,1,3,male,30.0,0,0,9.5,S,0,30.0,,1,True,U,1,False,9.5,Adult,S,30.0,
288,0,3,male,22.0,0,0,7.8958,S,0,22.0,,1,True,U,1,False,7.8958,YoungAdult,S,22.0,
289,1,2,male,42.0,0,0,13.0,S,0,42.0,,1,True,U,1,False,13.0,Adult,S,42.0,
290,1,3,female,22.0,0,0,7.75,Q,1,22.0,,1,True,U,1,False,7.75,YoungAdult,Q,22.0,
291,1,1,female,26.0,0,0,78.85,S,1,26.0,,1,True,U,2,False,78.85,YoungAdult,S,26.0,
292,1,1,female,19.0,1,0,91.0792,C,1,19.0,,2,False,B,2,False,91.0792,YoungAdult,C,19.0,
293,0,2,male,36.0,0,0,12.875,C,0,36.0,,1,True,D,1,False,12.875,Adult,C,36.0,
294,0,3,female,24.0,0,0,8.85,S,1,24.0,,1,True,U,1,False,8.85,YoungAdult,S,24.0,
295,0,3,male,24.0,0,0,7.8958,S,0,24.0,,1,True,U,1,False,7.8958,YoungAdult,S,24.0,
296,0,1,male,,0,0,27.7208,C,0,40.0,,1,True,U,1,False,27.7208,Adult,C,40.0,
297,0,3,male,23.5,0,0,7.2292,C,0,23.5,,1,True,U,1,False,7.2292,YoungAdult,C,23.5,
298,0,1,female,2.0,1,2,151.55,S,1,2.0,,4,False,C,4,False,151.55,Child,S,2.0,
299,1,1,male,,0,0,30.5,S,0,40.0,,1,True,C,1,False,30.5,Adult,S,40.0,
300,1,1,female,50.0,0,1,247.5208,C,1,50.0,,2,False,B,2,False,247.5208,Adult,C,50.0,
301,1,3,female,,0,0,7.75,Q,1,21.5,,1,True,U,1,False,7.75,YoungAdult,Q,21.5,
302,1,3,male,,2,0,23.25,Q,0,25.0,,3,False,U,2,False,23.25,YoungAdult,Q,25.0,
303,0,3,male,19.0,0,0,0.0,S,0,19.0,,1,True,U,4,False,0.0,YoungAdult,S,19.0,
304,1,2,female,,0,0,12.35,Q,1,28.0,,1,True,E,1,False,12.35,YoungAdult,Q,28.0,
305,0,3,male,,0,0,8.05,S,0,25.0,,1,True,U,1,False,8.05,YoungAdult,S,25.0,
306,1,1,male,0.92,1,2,151.55,S,0,0.92,,4,False,C,4,False,151.55,Child,S,0.92,
307,1,1,female,,0,0,110.8833,C,1,35.0,,1,True,U,4,False,110.8833,Adult,C,35.0,
308,1,1,female,17.0,1,0,108.9,C,1,17.0,,2,False,C,2,False,108.9,Teen,C,17.0,
309,0,2,male,30.0,1,0,24.0,C,0,30.0,,2,False,U,2,False,24.0,Adult,C,30.0,
310,1,1,female,30.0,0,0,56.9292,C,1,30.0,,1,True,E,2,False,56.9292,Adult,C,30.0,
311,1,1,female,24.0,0,0,83.1583,C,1,24.0,,1,True,C,2,False,83.1583,YoungAdult,C,24.0,
312,1,1,female,18.0,2,2,262.375,C,1,18.0,,5,False,B,2,True,249.00622000000035,YoungAdult,C,18.0,
313,0,2,female,26.0,1,1,26.0,S,1,26.0,,3,False,U,1,False,26.0,YoungAdult,S,26.0,
314,0,3,male,28.0,0,0,7.8958,S,0,28.0,,1,True,U,1,False,7.8958,YoungAdult,S,28.0,
315,0,2,male,43.0,1,1,26.25,S,0,43.0,,3,False,U,3,False,26.25,Adult,S,43.0,
316,1,3,female,26.0,0,0,7.8542,S,1,26.0,,1,True,U,1,False,7.8542,YoungAdult,S,26.0,
317,1,2,female,24.0,1,0,26.0,S,1,24.0,,2,False,U,2,False,26.0,YoungAdult,S,24.0,
318,0,2,male,54.0,0,0,14.0,S,0,54.0,,1,True,U,1,False,14.0,Adult,S,54.0,
319,1,1,female,31.0,0,2,164.8667,S,1,31.0,,3,False,C,2,False,164.8667,Adult,S,31.0,
320,1,1,female,40.0,1,1,134.5,C,1,40.0,,3,False,E,2,False,134.5,Adult,C,40.0,
321,0,3,male,22.0,0,0,7.25,S,0,22.0,,1,True,U,1,False,7.25,YoungAdult,S,22.0,
322,0,3,male,27.0,0,0,7.8958,S,0,27.0,,1,True,U,1,False,7.8958,YoungAdult,S,27.0,
323,1,2,female,30.0,0,0,12.35,Q,1,30.0,,1,True,U,1,False,12.35,Adult,Q,30.0,
324,1,2,female,22.0,1,1,29.0,S,1,22.0,,3,False,U,2,False,29.0,YoungAdult,S,22.0,
325,0,3,male,,8,2,69.55,S,0,25.0,,11,False,U,7,False,69.55,YoungAdult,S,25.0,
326,1,1,female,36.0,0,0,135.6333,C,1,36.0,,1,True,C,3,False,135.6333,Adult,C,36.0,
327,0,3,male,61.0,0,0,6.2375,S,0,61.0,,1,True,U,1,False,6.2375,Senior,S,61.0,
328,1,2,female,36.0,0,0,13.0,S,1,36.0,,1,True,D,1,False,13.0,Adult,S,36.0,
329,1,3,female,31.0,1,1,20.525,S,1,31.0,,3,False,U,3,False,20.525,Adult,S,31.0,
330,1,1,female,16.0,0,1,57.9792,C,1,16.0,,2,False,B,2,False,57.9792,Teen,C,16.0,
331,1,3,female,,2,0,23.25,Q,1,21.5,,3,False,U,2,False,23.25,YoungAdult,Q,21.5,
332,0,1,male,45.5,0,0,28.5,S,0,45.5,,1,True,C,1,False,28.5,Adult,S,45.5,
333,0,1,male,38.0,0,1,153.4625,S,0,38.0,,2,False,C,3,False,153.4625,Adult,S,38.0,
334,0,3,male,16.0,2,0,18.0,S,0,16.0,,3,False,U,2,False,18.0,Teen,S,16.0,
335,1,1,female,,1,0,133.65,S,1,35.0,,2,False,U,2,False,133.65,Adult,S,35.0,
336,0,3,male,,0,0,7.8958,S,0,25.0,,1,True,U,1,False,7.8958,YoungAdult,S,25.0,
337,0,1,male,29.0,1,0,66.6,S,0,29.0,,2,False,C,2,False,66.6,YoungAdult,S,29.0,
338,1,1,female,41.0,0,0,134.5,C,1,41.0,,1,True,E,2,False,134.5,Adult,C,41.0,
339,1,3,male,45.0,0,0,8.05,S,0,45.0,,1,True,U,1,False,8.05,Adult,S,45.0,
340,0,1,male,45.0,0,0,35.5,S,0,45.0,,1,True,T,1,False,35.5,Adult,S,45.0,
341,1,2,male,2.0,1,1,26.0,S,0,2.0,,3,False,F,3,False,26.0,Child,S,2.0,
342,1,1,female,24.0,3,2,263.0,S,1,24.0,,6,False,C,4,True,249.00622000000035,YoungAdult,S,24.0,
343,0,2,male,28.0,0,0,13.0,S,0,28.0,,1,True,U,1,False,13.0,YoungAdult,S,28.0,
344,0,2,male,25.0,0,0,13.0,S,0,25.0,,1,True,U,1,False,13.0,YoungAdult,S,25.0,
345,0,2,male,36.0,0,0,13.0,S,0,36.0,,1,True,U,1,False,13.0,Adult,S,36.0,
346,1,2,female,24.0,0,0,13.0,S,1,24.0,,1,True,F,1,False,13.0,YoungAdult,S,24.0,
347,1,2,female,40.0,0,0,13.0,S,1,40.0,,1,True,U,1,False,13.0,Adult,S,40.0,
348,1,3,female,,1,0,16.1,S,1,21.5,,2,False,U,1,False,16.1,YoungAdult,S,21.5,
349,1,3,male,3.0,1,1,15.9,S,0,3.0,,3,False,U,2,False,15.9,Child,S,3.0,
350,0,3,male,42.0,0,0,8.6625,S,0,42.0,,1,True,U,1,False,8.6625,Adult,S,42.0,
351,0,3,male,23.0,0,0,9.225,S,0,23.0,,1,True,U,1,False,9.225,YoungAdult,S,23.0,
352,0,1,male,,0,0,35.0,S,0,40.0,,1,True,C,1,False,35.0,Adult,S,40.0,
353,0,3,male,15.0,1,1,7.2292,C,0,15.0,,3,False,U,1,False,7.2292,Teen,C,15.0,
354,0,3,male,25.0,1,0,17.8,S,0,25.0,,2,False,U,2,False,17.8,YoungAdult,S,25.0,
355,0,3,male,,0,0,7.225,C,0,25.0,,1,True,U,1,False,7.225,YoungAdult,C,25.0,
356,0,3,male,28.0,0,0,9.5,S,0,28.0,,1,True,U,1,False,9.5,YoungAdult,S,28.0,
357,1,1,female,22.0,0,1,55.0,S,1,22.0,,2,False,E,2,False,55.0,YoungAdult,S,22.0,
358,0,2,female,38.0,0,0,13.0,S,1,38.0,,1,True,U,1,False,13.0,Adult,S,38.0,
359,1,3,female,,0,0,7.8792,Q,1,21.5,,1,True,U,1,False,7.8792,YoungAdult,Q,21.5,
360,1,3,female,,0,0,7.8792,Q,1,21.5,,1,True,U,1,False,7.8792,YoungAdult,Q,21.5,
361,0,3,male,40.0,1,4,27.9,S,0,40.0,,6,False,U,6,False,27.9,Adult,S,40.0,
362,0,2,male,29.0,1,0,27.7208,C,0,29.0,,2,False,U,1,False,27.7208,YoungAdult,C,29.0,
363,0,3,female,45.0,0,1,14.4542,C,1,45.0,,2,False,U,2,False,14.4542,Adult,C,45.0,
364,0,3,male,35.0,0,0,7.05,S,0,35.0,,1,True,U,1,False,7.05,Adult,S,35.0,
365,0,3,male,,1,0,15.5,Q,0,25.0,,2,False,U,2,False,15.5,YoungAdult,Q,25.0,
366,0,3,male,30.0,0,0,7.25,S,0,30.0,,1,True,U,1,False,7.25,Adult,S,30.0,
367,1,1,female,60.0,1,0,75.25,C,1,60.0,,2,False,D,1,False,75.25,Senior,C,60.0,
368,1,3,female,,0,0,7.2292,C,1,21.5,,1,True,U,1,False,7.2292,YoungAdult,C,21.5,
369,1,3,female,,0,0,7.75,Q,1,21.5,,1,True,U,1,False,7.75,YoungAdult,Q,21.5,
370,1,1,female,24.0,0,0,69.3,C,1,24.0,,1,True,B,2,False,69.3,YoungAdult,C,24.0,
371,1,1,male,25.0,1,0,55.4417,C,0,25.0,,2,False,E,1,False,55.4417,YoungAdult,C,25.0,
372,0,3,male,18.0,1,0,6.4958,S,0,18.0,,2,False,U,1,False,6.4958,YoungAdult,S,18.0,
373,0,3,male,19.0,0,0,8.05,S,0,19.0,,1,True,U,1,False,8.05,YoungAdult,S,19.0,
374,0,1,male,22.0,0,0,135.6333,C,0,22.0,,1,True,U,3,False,135.6333,YoungAdult,C,22.0,
375,0,3,female,3.0,3,1,21.075,S,1,3.0,,5,False,U,4,False,21.075,Child,S,3.0,
376,1,1,female,,1,0,82.1708,C,1,35.0,,2,False,U,2,False,82.1708,Adult,C,35.0,
377,1,3,female,22.0,0,0,7.25,S,1,22.0,,1,True,U,1,False,7.25,YoungAdult,S,22.0,
378,0,1,male,27.0,0,2,211.5,C,0,27.0,,3,False,C,1,False,211.5,YoungAdult,C,27.0,
379,0,3,male,20.0,0,0,4.0125,C,0,20.0,,1,True,U,1,False,4.0125,YoungAdult,C,20.0,
380,0,3,male,19.0,0,0,7.775,S,0,19.0,,1,True,U,1,False,7.775,YoungAdult,S,19.0,
381,1,1,female,42.0,0,0,227.525,C,1,42.0,,1,True,U,4,False,227.525,Adult,C,42.0,
382,1,3,female,1.0,0,2,15.7417,C,1,1.0,,3,False,U,2,False,15.7417,Child,C,1.0,
383,0,3,male,32.0,0,0,7.925,S,0,32.0,,1,True,U,1,False,7.925,Adult,S,32.0,
384,1,1,female,35.0,1,0,52.0,S,1,35.0,,2,False,U,2,False,52.0,Adult,S,35.0,
385,0,3,male,,0,0,7.8958,S,0,25.0,,1,True,U,1,False,7.8958,YoungAdult,S,25.0,
386,0,2,male,18.0,0,0,73.5,S,0,18.0,,1,True,U,5,False,73.5,YoungAdult,S,18.0,
387,0,3,male,1.0,5,2,46.9,S,0,1.0,,8,False,U,6,False,46.9,Child,S,1.0,
388,1,2,female,36.0,0,0,13.0,S,1,36.0,,1,True,U,1,False,13.0,Adult,S,36.0,
389,0,3,male,,0,0,7.7292,Q,0,25.0,,1,True,U,1,False,7.7292,YoungAdult,Q,25.0,
390,1,2,female,17.0,0,0,12.0,C,1,17.0,,1,True,U,1,False,12.0,Teen,C,17.0,
391,1,1,male,36.0,1,2,120.0,S,0,36.0,,4,False,B,4,False,120.0,Adult,S,36.0,
392,1,3,male,21.0,0,0,7.7958,S,0,21.0,,1,True,U,1,False,7.7958,YoungAdult,S,21.0,
393,0,3,male,28.0,2,0,7.925,S,0,28.0,,3,False,U,1,False,7.925,YoungAdult,S,28.0,
394,1,1,female,23.0,1,0,113.275,C,1,23.0,,2,False,D,3,False,113.275,YoungAdult,C,23.0,
395,1,3,female,24.0,0,2,16.7,S,1,24.0,,3,False,G,2,False,16.7,YoungAdult,S,24.0,
396,0,3,male,22.0,0,0,7.7958,S,0,22.0,,1,True,U,1,False,7.7958,YoungAdult,S,22.0,
397,0,3,female,31.0,0,0,7.8542,S,1,31.0,,1,True,U,1,False,7.8542,Adult,S,31.0,
398,0,2,male,46.0,0,0,26.0,S,0,46.0,,1,True,U,2,False,26.0,Adult,S,46.0,
399,0,2,male,23.0,0,0,10.5,S,0,23.0,,1,True,U,1,False,10.5,YoungAdult,S,23.0,
400,1,2,female,28.0,0,0,12.65,S,1,28.0,,1,True,U,1,False,12.65,YoungAdult,S,28.0,
401,1,3,male,39.0,0,0,7.925,S,0,39.0,,1,True,U,1,False,7.925,Adult,S,39.0,
402,0,3,male,26.0,0,0,8.05,S,0,26.0,,1,True,U,1,False,8.05,YoungAdult,S,26.0,
403,0,3,female,21.0,1,0,9.825,S,1,21.0,,2,False,U,1,False,9.825,YoungAdult,S,21.0,
404,0,3,male,28.0,1,0,15.85,S,0,28.0,,2,False,U,2,False,15.85,YoungAdult,S,28.0,
405,0,3,female,20.0,0,0,8.6625,S,1,20.0,,1,True,U,1,False,8.6625,YoungAdult,S,20.0,
406,0,2,male,34.0,1,0,21.0,S,0,34.0,,2,False,U,1,False,21.0,Adult,S,34.0,
407,0,3,male,51.0,0,0,7.75,S,0,51.0,,1,True,U,1,False,7.75,Adult,S,51.0,
408,1,2,male,3.0,1,1,18.75,S,0,3.0,,3,False,U,3,False,18.75,Child,S,3.0,
409,0,3,male,21.0,0,0,7.775,S,0,21.0,,1,True,U,1,False,7.775,YoungAdult,S,21.0,
410,0,3,female,,3,1,25.4667,S,1,21.5,,5,False,U,4,False,25.4667,YoungAdult,S,21.5,
411,0,3,male,,0,0,7.8958,S,0,25.0,,1,True,U,1,False,7.8958,YoungAdult,S,25.0,
412,0,3,male,,0,0,6.8583,Q,0,25.0,,1,True,U,1,False,6.8583,YoungAdult,Q,25.0,
413,1,1,female,33.0,1,0,90.0,Q,1,33.0,,2,False,C,2,False,90.0,Adult,Q,33.0,
414,0,2,male,,0,0,0.0,S,0,30.0,,1,True,U,3,False,0.0,Adult,S,30.0,
415,1,3,male,44.0,0,0,7.925,S,0,44.0,,1,True,U,1,False,7.925,Adult,S,44.0,
416,0,3,female,,0,0,8.05,S,1,21.5,,1,True,U,1,False,8.05,YoungAdult,S,21.5,
417,1,2,female,34.0,1,1,32.5,S,1,34.0,,3,False,U,1,False,32.5,Adult,S,34.0,
418,1,2,female,18.0,0,2,13.0,S,1,18.0,,3,False,U,1,False,13.0,YoungAdult,S,18.0,
419,0,2,male,30.0,0,0,13.0,S,0,30.0,,1,True,U,1,False,13.0,Adult,S,30.0,
420,0,3,female,10.0,0,2,24.15,S,1,10.0,,3,False,U,3,False,24.15,Child,S,10.0,
421,0,3,male,,0,0,7.8958,C,0,25.0,,1,True,U,1,False,7.8958,YoungAdult,C,25.0,
422,0,3,male,21.0,0,0,7.7333,Q,0,21.0,,1,True,U,1,False,7.7333,YoungAdult,Q,21.0,
423,0,3,male,29.0,0,0,7.875,S,0,29.0,,1,True,U,1,False,7.875,YoungAdult,S,29.0,
424,0,3,female,28.0,1,1,14.4,S,1,28.0,,3,False,U,2,False,14.4,YoungAdult,S,28.0,
425,0,3,male,18.0,1,1,20.2125,S,0,18.0,,3,False,U,2,False,20.2125,YoungAdult,S,18.0,
426,0,3,male,,0,0,7.25,S,0,25.0,,1,True,U,1,False,7.25,YoungAdult,S,25.0,
427,1,2,female,28.0,1,0,26.0,S,1,28.0,,2,False,U,1,False,26.0,YoungAdult,S,28.0,
428,1,2,female,19.0,0,0,26.0,S,1,19.0,,1,True,U,2,False,26.0,YoungAdult,S,19.0,
429,0,3,male,,0,0,7.75,Q,0,25.0,,1,True,U,1,False,7.75,YoungAdult,Q,25.0,
430,1,3,male,32.0,0,0,8.05,S,0,32.0,,1,True,E,1,False,8.05,Adult,S,32.0,
431,1,1,male,28.0,0,0,26.55,S,0,28.0,,1,True,C,1,False,26.55,YoungAdult,S,28.0,
432,1,3,female,,1,0,16.1,S,1,21.5,,2,False,U,2,False,16.1,YoungAdult,S,21.5,
433,1,2,female,42.0,1,0,26.0,S,1,42.0,,2,False,U,1,False,26.0,Adult,S,42.0,
434,0,3,male,17.0,0,0,7.125,S,0,17.0,,1,True,U,1,False,7.125,Teen,S,17.0,
435,0,1,male,50.0,1,0,55.9,S,0,50.0,,2,False,E,2,False,55.9,Adult,S,50.0,
436,1,1,female,14.0,1,2,120.0,S,1,14.0,,4,False,B,4,False,120.0,Teen,S,14.0,
437,0,3,female,21.0,2,2,34.375,S,1,21.0,,5,False,U,4,False,34.375,YoungAdult,S,21.0,
438,1,2,female,24.0,2,3,18.75,S,1,24.0,,6,False,U,3,False,18.75,YoungAdult,S,24.0,
439,0,1,male,64.0,1,4,263.0,S,0,64.0,,6,False,C,4,True,249.00622000000035,Senior,S,64.0,
440,0,2,male,31.0,0,0,10.5,S,0,31.0,,1,True,U,1,False,10.5,Adult,S,31.0,
441,1,2,female,45.0,1,1,26.25,S,1,45.0,,3,False,U,3,False,26.25,Adult,S,45.0,
442,0,3,male,20.0,0,0,9.5,S,0,20.0,,1,True,U,1,False,9.5,YoungAdult,S,20.0,
443,0,3,male,25.0,1,0,7.775,S,0,25.0,,2,False,U,1,False,7.775,YoungAdult,S,25.0,
444,1,2,female,28.0,0,0,13.0,S,1,28.0,,1,True,U,1,False,13.0,YoungAdult,S,28.0,
445,1,3,male,,0,0,8.1125,S,0,25.0,,1,True,U,1,False,8.1125,YoungAdult,S,25.0,
446,1,1,male,4.0,0,2,81.8583,S,0,4.0,,3,False,A,1,False,81.8583,Child,S,4.0,
447,1,2,female,13.0,0,1,19.5,S,1,13.0,,2,False,U,2,False,19.5,Teen,S,13.0,
448,1,1,male,34.0,0,0,26.55,S,0,34.0,,1,True,U,1,False,26.55,Adult,S,34.0,
449,1,3,female,5.0,2,1,19.2583,C,1,5.0,,4,False,U,4,False,19.2583,Child,C,5.0,
450,1,1,male,52.0,0,0,30.5,S,0,52.0,,1,True,C,1,False,30.5,Adult,S,52.0,
451,0,2,male,36.0,1,2,27.75,S,0,36.0,,4,False,U,3,False,27.75,Adult,S,36.0,
452,0,3,male,,1,0,19.9667,S,0,25.0,,2,False,U,1,False,19.9667,YoungAdult,S,25.0,
453,0,1,male,30.0,0,0,27.75,C,0,30.0,,1,True,C,1,False,27.75,Adult,C,30.0,
454,1,1,male,49.0,1,0,89.1042,C,0,49.0,,2,False,C,2,False,89.1042,Adult,C,49.0,
455,0,3,male,,0,0,8.05,S,0,25.0,,1,True,U,1,False,8.05,YoungAdult,S,25.0,
456,1,3,male,29.0,0,0,7.8958,C,0,29.0,,1,True,U,1,False,7.8958,YoungAdult,C,29.0,
457,0,1,male,65.0,0,0,26.55,S,0,65.0,,1,True,E,1,False,26.55,Senior,S,65.0,
458,1,1,female,,1,0,51.8625,S,1,35.0,,2,False,D,1,False,51.8625,Adult,S,35.0,
459,1,2,female,50.0,0,0,10.5,S,1,50.0,,1,True,U,1,False,10.5,Adult,S,50.0,
460,0,3,male,,0,0,7.75,Q,0,25.0,,1,True,U,1,False,7.75,YoungAdult,Q,25.0,
461,1,1,male,48.0,0,0,26.55,S,0,48.0,,1,True,E,1,False,26.55,Adult,S,48.0,
462,0,3,male,34.0,0,0,8.05,S,0,34.0,,1,True,U,1,False,8.05,Adult,S,34.0,
463,0,1,male,47.0,0,0,38.5,S,0,47.0,,1,True,E,1,False,38.5,Adult,S,47.0,
464,0,2,male,48.0,0,0,13.0,S,0,48.0,,1,True,U,1,False,13.0,Adult,S,48.0,
465,0,3,male,,0,0,8.05,S,0,25.0,,1,True,U,1,False,8.05,YoungAdult,S,25.0,
466,0,3,male,38.0,0,0,7.05,S,0,38.0,,1,True,U,1,False,7.05,Adult,S,38.0,
467,0,2,male,,0,0,0.0,S,0,30.0,,1,True,U,3,False,0.0,Adult,S,30.0,
468,0,1,male,56.0,0,0,26.55,S,0,56.0,,1,True,U,1,False,26.55,Adult,S,56.0,
469,0,3,male,,0,0,7.725,Q,0,25.0,,1,True,U,1,False,7.725,YoungAdult,Q,25.0,
470,1,3,female,0.75,2,1,19.2583,C,1,0.75,,4,False,U,4,False,19.2583,Child,C,0.75,
471,0,3,male,,0,0,7.25,S,0,25.0,,1,True,U,1,False,7.25,YoungAdult,S,25.0,
472,0,3,male,38.0,0,0,8.6625,S,0,38.0,,1,True,U,1,False,8.6625,Adult,S,38.0,
473,1,2,female,33.0,1,2,27.75,S,1,33.0,,4,False,U,3,False,27.75,Adult,S,33.0,
474,1,2,female,23.0,0,0,13.7917,C,1,23.0,,1,True,D,1,False,13.7917,YoungAdult,C,23.0,
475,0,3,female,22.0,0,0,9.8375,S,1,22.0,,1,True,U,1,False,9.8375,YoungAdult,S,22.0,
476,0,1,male,,0,0,52.0,S,0,40.0,,1,True,A,2,False,52.0,Adult,S,40.0,
477,0,2,male,34.0,1,0,21.0,S,0,34.0,,2,False,U,2,False,21.0,Adult,S,34.0,
478,0,3,male,29.0,1,0,7.0458,S,0,29.0,,2,False,U,1,False,7.0458,YoungAdult,S,29.0,
479,0,3,male,22.0,0,0,7.5208,S,0,22.0,,1,True,U,1,False,7.5208,YoungAdult,S,22.0,
480,1,3,female,2.0,0,1,12.2875,S,1,2.0,,2,False,U,1,False,12.2875,Child,S,2.0,
481,0,3,male,9.0,5,2,46.9,S,0,9.0,,8,False,U,6,False,46.9,Child,S,9.0,
482,0,2,male,,0,0,0.0,S,0,30.0,,1,True,U,1,False,0.0,Adult,S,30.0,
483,0,3,male,50.0,0,0,8.05,S,0,50.0,,1,True,U,1,False,8.05,Adult,S,50.0,
484,1,3,female,63.0,0,0,9.5875,S,1,63.0,,1,True,U,1,False,9.5875,Senior,S,63.0,
485,1,1,male,25.0,1,0,91.0792,C,0,25.0,,2,False,B,2,False,91.0792,YoungAdult,C,25.0,
486,0,3,female,,3,1,25.4667,S,1,21.5,,5,False,U,4,False,25.4667,YoungAdult,S,21.5,
487,1,1,female,35.0,1,0,90.0,S,1,35.0,,2,False,C,2,False,90.0,Adult,S,35.0,
488,0,1,male,58.0,0,0,29.7,C,0,58.0,,1,True,B,1,False,29.7,Adult,C,58.0,
489,0,3,male,30.0,0,0,8.05,S,0,30.0,,1,True,U,1,False,8.05,Adult,S,30.0,
490,1,3,male,9.0,1,1,15.9,S,0,9.0,,3,False,U,2,False,15.9,Child,S,9.0,
491,0,3,male,,1,0,19.9667,S,0,25.0,,2,False,U,1,False,19.9667,YoungAdult,S,25.0,
492,0,3,male,21.0,0,0,7.25,S,0,21.0,,1,True,U,1,False,7.25,YoungAdult,S,21.0,
493,0,1,male,55.0,0,0,30.5,S,0,55.0,,1,True,C,1,False,30.5,Adult,S,55.0,
494,0,1,male,71.0,0,0,49.5042,C,0,71.0,,1,True,U,1,False,49.5042,Senior,C,71.0,
495,0,3,male,21.0,0,0,8.05,S,0,21.0,,1,True,U,1,False,8.05,YoungAdult,S,21.0,
496,0,3,male,,0,0,14.4583,C,0,25.0,,1,True,U,2,False,14.4583,YoungAdult,C,25.0,
497,1,1,female,54.0,1,0,78.2667,C,1,54.0,,2,False,D,2,False,78.2667,Adult,C,54.0,
498,0,3,male,,0,0,15.1,S,0,25.0,,1,True,U,1,False,15.1,YoungAdult,S,25.0,
499,0,1,female,25.0,1,2,151.55,S,1,25.0,,4,False,C,4,False,151.55,YoungAdult,S,25.0,
500,0,3,male,24.0,0,0,7.7958,S,0,24.0,,1,True,U,1,False,7.7958,YoungAdult,S,24.0,
501,0,3,male,17.0,0,0,8.6625,S,0,17.0,,1,True,U,1,False,8.6625,Teen,S,17.0,
502,0,3,female,21.0,0,0,7.75,Q,1,21.0,,1,True,U,1,False,7.75,YoungAdult,Q,21.0,
503,0,3,female,,0,0,7.6292,Q,1,21.5,,1,True,U,1,False,7.6292,YoungAdult,Q,21.5,
504,0,3,female,37.0,0,0,9.5875,S,1,37.0,,1,True,U,1,False,9.5875,Adult,S,37.0,
505,1,1,female,16.0,0,0,86.5,S,1,16.0,,1,True,B,3,False,86.5,Teen,S,16.0,
506,0,1,male,18.0,1,0,108.9,C,0,18.0,,2,False,C,2,False,108.9,YoungAdult,C,18.0,
507,1,2,female,33.0,0,2,26.0,S,1,33.0,,3,False,U,2,False,26.0,Adult,S,33.0,
508,1,1,male,,0,0,26.55,S,0,40.0,,1,True,U,1,False,26.55,Adult,S,40.0,
509,0,3,male,28.0,0,0,22.525,S,0,28.0,,1,True,U,1,False,22.525,YoungAdult,S,28.0,
510,1,3,male,26.0,0,0,56.4958,S,0,26.0,,1,True,U,7,False,56.4958,YoungAdult,S,26.0,
511,1,3,male,29.0,0,0,7.75,Q,0,29.0,,1,True,U,1,False,7.75,YoungAdult,Q,29.0,
512,0,3,male,,0,0,8.05,S,0,25.0,,1,True,U,1,False,8.05,YoungAdult,S,25.0,
513,1,1,male,36.0,0,0,26.2875,S,0,36.0,,1,True,E,1,False,26.2875,Adult,S,36.0,
514,1,1,female,54.0,1,0,59.4,C,1,54.0,,2,False,U,1,False,59.4,Adult,C,54.0,
515,0,3,male,24.0,0,0,7.4958,S,0,24.0,,1,True,U,1,False,7.4958,YoungAdult,S,24.0,
516,0,1,male,47.0,0,0,34.0208,S,0,47.0,,1,True,D,1,False,34.0208,Adult,S,47.0,
517,1,2,female,34.0,0,0,10.5,S,1,34.0,,1,True,F,1,False,10.5,Adult,S,34.0,
518,0,3,male,,0,0,24.15,Q,0,25.0,,1,True,U,3,False,24.15,YoungAdult,Q,25.0,
519,1,2,female,36.0,1,0,26.0,S,1,36.0,,2,False,U,1,False,26.0,Adult,S,36.0,
520,0,3,male,32.0,0,0,7.8958,S,0,32.0,,1,True,U,1,False,7.8958,Adult,S,32.0,
521,1,1,female,30.0,0,0,93.5,S,1,30.0,,1,True,B,2,False,93.5,Adult,S,30.0,
522,0,3,male,22.0,0,0,7.8958,S,0,22.0,,1,True,U,1,False,7.8958,YoungAdult,S,22.0,
523,0,3,male,,0,0,7.225,C,0,25.0,,1,True,U,1,False,7.225,YoungAdult,C,25.0,
524,1,1,female,44.0,0,1,57.9792,C,1,44.0,,2,False,B,2,False,57.9792,Adult,C,44.0,
525,0,3,male,,0,0,7.2292,C,0,25.0,,1,True,U,1,False,7.2292,YoungAdult,C,25.0,
526,0,3,male,40.5,0,0,7.75,Q,0,40.5,,1,True,U,1,False,7.75,Adult,Q,40.5,
527,1,2,female,50.0,0,0,10.5,S,1,50.0,,1,True,U,1,False,10.5,Adult,S,50.0,
528,0,1,male,,0,0,221.7792,S,0,40.0,,1,True,C,1,False,221.7792,Adult,S,40.0,
529,0,3,male,39.0,0,0,7.925,S,0,39.0,,1,True,U,1,False,7.925,Adult,S,39.0,
530,0,2,male,23.0,2,1,11.5,S,0,23.0,,4,False,U,1,False,11.5,YoungAdult,S,23.0,
531,1,2,female,2.0,1,1,26.0,S,1,2.0,,3,False,U,2,False,26.0,Child,S,2.0,
532,0,3,male,,0,0,7.2292,C,0,25.0,,1,True,U,1,False,7.2292,YoungAdult,C,25.0,
533,0,3,male,17.0,1,1,7.2292,C,0,17.0,,3,False,U,1,False,7.2292,Teen,C,17.0,
534,1,3,female,,0,2,22.3583,C,1,21.5,,3,False,U,2,False,22.3583,YoungAdult,C,21.5,
535,0,3,female,30.0,0,0,8.6625,S,1,30.0,,1,True,U,1,False,8.6625,Adult,S,30.0,
536,1,2,female,7.0,0,2,26.25,S,1,7.0,,3,False,U,3,False,26.25,Child,S,7.0,
537,0,1,male,45.0,0,0,26.55,S,0,45.0,,1,True,B,1,False,26.55,Adult,S,45.0,
538,1,1,female,30.0,0,0,106.425,C,1,30.0,,1,True,U,2,False,106.425,Adult,C,30.0,
539,0,3,male,,0,0,14.5,S,0,25.0,,1,True,U,1,False,14.5,YoungAdult,S,25.0,
540,1,1,female,22.0,0,2,49.5,C,1,22.0,,3,False,B,1,False,49.5,YoungAdult,C,22.0,
541,1,1,female,36.0,0,2,71.0,S,1,36.0,,3,False,B,2,False,71.0,Adult,S,36.0,
542,0,3,female,9.0,4,2,31.275,S,1,9.0,,7,False,U,7,False,31.275,Child,S,9.0,
543,0,3,female,11.0,4,2,31.275,S,1,11.0,,7,False,U,7,False,31.275,Child,S,11.0,
544,1,2,male,32.0,1,0,26.0,S,0,32.0,,2,False,U,2,False,26.0,Adult,S,32.0,
545,0,1,male,50.0,1,0,106.425,C,0,50.0,,2,False,C,2,False,106.425,Adult,C,50.0,
546,0,1,male,64.0,0,0,26.0,S,0,64.0,,1,True,U,1,False,26.0,Senior,S,64.0,
547,1,2,female,19.0,1,0,26.0,S,1,19.0,,2,False,U,2,False,26.0,YoungAdult,S,19.0,
548,1,2,male,,0,0,13.8625,C,0,30.0,,1,True,U,1,False,13.8625,Adult,C,30.0,
549,0,3,male,33.0,1,1,20.525,S,0,33.0,,3,False,U,3,False,20.525,Adult,S,33.0,
550,1,2,male,8.0,1,1,36.75,S,0,8.0,,3,False,U,2,False,36.75,Child,S,8.0,
551,1,1,male,17.0,0,2,110.8833,C,0,17.0,,3,False,C,4,False,110.8833,Teen,C,17.0,
552,0,2,male,27.0,0,0,26.0,S,0,27.0,,1,True,U,1,False,26.0,YoungAdult,S,27.0,
553,0,3,male,,0,0,7.8292,Q,0,25.0,,1,True,U,1,False,7.8292,YoungAdult,Q,25.0,
554,1,3,male,22.0,0,0,7.225,C,0,22.0,,1,True,U,1,False,7.225,YoungAdult,C,22.0,
555,1,3,female,22.0,0,0,7.775,S,1,22.0,,1,True,U,1,False,7.775,YoungAdult,S,22.0,
556,0,1,male,62.0,0,0,26.55,S,0,62.0,,1,True,U,1,False,26.55,Senior,S,62.0,
557,1,1,female,48.0,1,0,39.6,C,1,48.0,,2,False,A,1,False,39.6,Adult,C,48.0,
558,0,1,male,,0,0,227.525,C,0,40.0,,1,True,U,4,False,227.525,Adult,C,40.0,
559,1,1,female,39.0,1,1,79.65,S,1,39.0,,3,False,E,3,False,79.65,Adult,S,39.0,
560,1,3,female,36.0,1,0,17.4,S,1,36.0,,2,False,U,1,False,17.4,Adult,S,36.0,
561,0,3,male,,0,0,7.75,Q,0,25.0,,1,True,U,1,False,7.75,YoungAdult,Q,25.0,
562,0,3,male,40.0,0,0,7.8958,S,0,40.0,,1,True,U,1,False,7.8958,Adult,S,40.0,
563,0,2,male,28.0,0,0,13.5,S,0,28.0,,1,True,U,1,False,13.5,YoungAdult,S,28.0,
564,0,3,male,,0,0,8.05,S,0,25.0,,1,True,U,1,False,8.05,YoungAdult,S,25.0,
565,0,3,female,,0,0,8.05,S,1,21.5,,1,True,U,1,False,8.05,YoungAdult,S,21.5,
566,0,3,male,24.0,2,0,24.15,S,0,24.0,,3,False,U,2,False,24.15,YoungAdult,S,24.0,
567,0,3,male,19.0,0,0,7.8958,S,0,19.0,,1,True,U,1,False,7.8958,YoungAdult,S,19.0,
568,0,3,female,29.0,0,4,21.075,S,1,29.0,,5,False,U,4,False,21.075,YoungAdult,S,29.0,
569,0,3,male,,0,0,7.2292,C,0,25.0,,1,True,U,1,False,7.2292,YoungAdult,C,25.0,
570,1,3,male,32.0,0,0,7.8542,S,0,32.0,,1,True,U,1,False,7.8542,Adult,S,32.0,
571,1,2,male,62.0,0,0,10.5,S,0,62.0,,1,True,U,1,False,10.5,Senior,S,62.0,
572,1,1,female,53.0,2,0,51.4792,S,1,53.0,,3,False,C,1,False,51.4792,Adult,S,53.0,
573,1,1,male,36.0,0,0,26.3875,S,0,36.0,,1,True,E,1,False,26.3875,Adult,S,36.0,
574,1,3,female,,0,0,7.75,Q,1,21.5,,1,True,U,1,False,7.75,YoungAdult,Q,21.5,
575,0,3,male,16.0,0,0,8.05,S,0,16.0,,1,True,U,1,False,8.05,Teen,S,16.0,
576,0,3,male,19.0,0,0,14.5,S,0,19.0,,1,True,U,2,False,14.5,YoungAdult,S,19.0,
577,1,2,female,34.0,0,0,13.0,S,1,34.0,,1,True,U,1,False,13.0,Adult,S,34.0,
578,1,1,female,39.0,1,0,55.9,S,1,39.0,,2,False,E,2,False,55.9,Adult,S,39.0,
579,0,3,female,,1,0,14.4583,C,1,21.5,,2,False,U,1,False,14.4583,YoungAdult,C,21.5,
580,1,3,male,32.0,0,0,7.925,S,0,32.0,,1,True,U,1,False,7.925,Adult,S,32.0,
581,1,2,female,25.0,1,1,30.0,S,1,25.0,,3,False,U,1,False,30.0,YoungAdult,S,25.0,
582,1,1,female,39.0,1,1,110.8833,C,1,39.0,,3,False,C,4,False,110.8833,Adult,C,39.0,
583,0,2,male,54.0,0,0,26.0,S,0,54.0,,1,True,U,2,False,26.0,Adult,S,54.0,
584,0,1,male,36.0,0,0,40.125,C,0,36.0,,1,True,A,1,False,40.125,Adult,C,36.0,
585,0,3,male,,0,0,8.7125,C,0,25.0,,1,True,U,1,False,8.7125,YoungAdult,C,25.0,
586,1,1,female,18.0,0,2,79.65,S,1,18.0,,3,False,E,3,False,79.65,YoungAdult,S,18.0,
587,0,2,male,47.0,0,0,15.0,S,0,47.0,,1,True,U,1,False,15.0,Adult,S,47.0,
588,1,1,male,60.0,1,1,79.2,C,0,60.0,,3,False,B,1,False,79.2,Senior,C,60.0,
589,0,3,male,22.0,0,0,8.05,S,0,22.0,,1,True,U,1,False,8.05,YoungAdult,S,22.0,
590,0,3,male,,0,0,8.05,S,0,25.0,,1,True,U,1,False,8.05,YoungAdult,S,25.0,
591,0,3,male,35.0,0,0,7.125,S,0,35.0,,1,True,U,1,False,7.125,Adult,S,35.0,
592,1,1,female,52.0,1,0,78.2667,C,1,52.0,,2,False,D,2,False,78.2667,Adult,C,52.0,
593,0,3,male,47.0,0,0,7.25,S,0,47.0,,1,True,U,1,False,7.25,Adult,S,47.0,
594,0,3,female,,0,2,7.75,Q,1,21.5,,3,False,U,1,False,7.75,YoungAdult,Q,21.5,
595,0,2,male,37.0,1,0,26.0,S,0,37.0,,2,False,U,1,False,26.0,Adult,S,37.0,
596,0,3,male,36.0,1,1,24.15,S,0,36.0,,3,False,U,3,False,24.15,Adult,S,36.0,
597,1,2,female,,0,0,33.0,S,1,28.0,,1,True,U,3,False,33.0,YoungAdult,S,28.0,
598,0,3,male,49.0,0,0,0.0,S,0,49.0,,1,True,U,4,False,0.0,Adult,S,49.0,
599,0,3,male,,0,0,7.225,C,0,25.0,,1,True,U,1,False,7.225,YoungAdult,C,25.0,
600,1,1,male,49.0,1,0,56.9292,C,0,49.0,,2,False,A,2,False,56.9292,Adult,C,49.0,
601,1,2,female,24.0,2,1,27.0,S,1,24.0,,4,False,U,2,False,27.0,YoungAdult,S,24.0,
602,0,3,male,,0,0,7.8958,S,0,25.0,,1,True,U,1,False,7.8958,YoungAdult,S,25.0,
603,0,1,male,,0,0,42.4,S,0,40.0,,1,True,U,1,False,42.4,Adult,S,40.0,
604,0,3,male,44.0,0,0,8.05,S,0,44.0,,1,True,U,1,False,8.05,Adult,S,44.0,
605,1,1,male,35.0,0,0,26.55,C,0,35.0,,1,True,U,1,False,26.55,Adult,C,35.0,
606,0,3,male,36.0,1,0,15.55,S,0,36.0,,2,False,U,1,False,15.55,Adult,S,36.0,
607,0,3,male,30.0,0,0,7.8958,S,0,30.0,,1,True,U,1,False,7.8958,Adult,S,30.0,
608,1,1,male,27.0,0,0,30.5,S,0,27.0,,1,True,U,1,False,30.5,YoungAdult,S,27.0,
609,1,2,female,22.0,1,2,41.5792,C,1,22.0,,4,False,U,3,False,41.5792,YoungAdult,C,22.0,
610,1,1,female,40.0,0,0,153.4625,S,1,40.0,,1,True,C,3,False,153.4625,Adult,S,40.0,
611,0,3,female,39.0,1,5,31.275,S,1,39.0,,7,False,U,7,False,31.275,Adult,S,39.0,
612,0,3,male,,0,0,7.05,S,0,25.0,,1,True,U,1,False,7.05,YoungAdult,S,25.0,
613,1,3,female,,1,0,15.5,Q,1,21.5,,2,False,U,2,False,15.5,YoungAdult,Q,21.5,
614,0,3,male,,0,0,7.75,Q,0,25.0,,1,True,U,1,False,7.75,YoungAdult,Q,25.0,
615,0,3,male,35.0,0,0,8.05,S,0,35.0,,1,True,U,1,False,8.05,Adult,S,35.0,
616,1,2,female,24.0,1,2,65.0,S,1,24.0,,4,False,U,2,False,65.0,YoungAdult,S,24.0,
617,0,3,male,34.0,1,1,14.4,S,0,34.0,,3,False,U,2,False,14.4,Adult,S,34.0,
618,0,3,female,26.0,1,0,16.1,S,1,26.0,,2,False,U,2,False,16.1,YoungAdult,S,26.0,
619,1,2,female,4.0,2,1,39.0,S,1,4.0,,4,False,F,2,False,39.0,Child,S,4.0,
620,0,2,male,26.0,0,0,10.5,S,0,26.0,,1,True,U,1,False,10.5,YoungAdult,S,26.0,
621,0,3,male,27.0,1,0,14.4542,C,0,27.0,,2,False,U,2,False,14.4542,YoungAdult,C,27.0,
622,1,1,male,42.0,1,0,52.5542,S,0,42.0,,2,False,D,1,False,52.5542,Adult,S,42.0,
623,1,3,male,20.0,1,1,15.7417,C,0,20.0,,3,False,U,2,False,15.7417,YoungAdult,C,20.0,
624,0,3,male,21.0,0,0,7.8542,S,0,21.0,,1,True,U,1,False,7.8542,YoungAdult,S,21.0,
625,0,3,male,21.0,0,0,16.1,S,0,21.0,,1,True,U,2,False,16.1,YoungAdult,S,21.0,
626,0,1,male,61.0,0,0,32.3208,S,0,61.0,,1,True,D,1,False,32.3208,Senior,S,61.0,
627,0,2,male,57.0,0,0,12.35,Q,0,57.0,,1,True,U,1,False,12.35,Adult,Q,57.0,
628,1,1,female,21.0,0,0,77.9583,S,1,21.0,,1,True,D,3,False,77.9583,YoungAdult,S,21.0,
629,0,3,male,26.0,0,0,7.8958,S,0,26.0,,1,True,U,1,False,7.8958,YoungAdult,S,26.0,
630,0,3,male,,0,0,7.7333,Q,0,25.0,,1,True,U,1,False,7.7333,YoungAdult,Q,25.0,
631,1,1,male,80.0,0,0,30.0,S,0,80.0,,1,True,A,1,False,30.0,Senior,S,80.0,
632,0,3,male,51.0,0,0,7.0542,S,0,51.0,,1,True,U,1,False,7.0542,Adult,S,51.0,
633,1,1,male,32.0,0,0,30.5,C,0,32.0,,1,True,B,1,False,30.5,Adult,C,32.0,
634,0,1,male,,0,0,0.0,S,0,40.0,,1,True,U,1,False,0.0,Adult,S,40.0,
635,0,3,female,9.0,3,2,27.9,S,1,9.0,,6,False,U,6,False,27.9,Child,S,9.0,
636,1,2,female,28.0,0,0,13.0,S,1,28.0,,1,True,U,1,False,13.0,YoungAdult,S,28.0,
637,0,3,male,32.0,0,0,7.925,S,0,32.0,,1,True,U,1,False,7.925,Adult,S,32.0,
638,0,2,male,31.0,1,1,26.25,S,0,31.0,,3,False,U,3,False,26.25,Adult,S,31.0,
639,0,3,female,41.0,0,5,39.6875,S,1,41.0,,6,False,U,6,False,39.6875,Adult,S,41.0,
640,0,3,male,,1,0,16.1,S,0,25.0,,2,False,U,2,False,16.1,YoungAdult,S,25.0,
641,0,3,male,20.0,0,0,7.8542,S,0,20.0,,1,True,U,1,False,7.8542,YoungAdult,S,20.0,
642,1,1,female,24.0,0,0,69.3,C,1,24.0,,1,True,B,2,False,69.3,YoungAdult,C,24.0,
643,0,3,female,2.0,3,2,27.9,S,1,2.0,,6,False,U,6,False,27.9,Child,S,2.0,
644,1,3,male,,0,0,56.4958,S,0,25.0,,1,True,U,7,False,56.4958,YoungAdult,S,25.0,
645,1,3,female,0.75,2,1,19.2583,C,1,0.75,,4,False,U,4,False,19.2583,Child,C,0.75,
646,1,1,male,48.0,1,0,76.7292,C,0,48.0,,2,False,D,3,False,76.7292,Adult,C,48.0,
647,0,3,male,19.0,0,0,7.8958,S,0,19.0,,1,True,U,1,False,7.8958,YoungAdult,S,19.0,
648,1,1,male,56.0,0,0,35.5,C,0,56.0,,1,True,A,1,False,35.5,Adult,C,56.0,
649,0,3,male,,0,0,7.55,S,0,25.0,,1,True,U,1,False,7.55,YoungAdult,S,25.0,
650,1,3,female,23.0,0,0,7.55,S,1,23.0,,1,True,U,1,False,7.55,YoungAdult,S,23.0,
651,0,3,male,,0,0,7.8958,S,0,25.0,,1,True,U,1,False,7.8958,YoungAdult,S,25.0,
652,1,2,female,18.0,0,1,23.0,S,1,18.0,,2,False,U,2,False,23.0,YoungAdult,S,18.0,
653,0,3,male,21.0,0,0,8.4333,S,0,21.0,,1,True,U,1,False,8.4333,YoungAdult,S,21.0,
654,1,3,female,,0,0,7.8292,Q,1,21.5,,1,True,U,1,False,7.8292,YoungAdult,Q,21.5,
655,0,3,female,18.0,0,0,6.75,Q,1,18.0,,1,True,U,1,False,6.75,YoungAdult,Q,18.0,
656,0,2,male,24.0,2,0,73.5,S,0,24.0,,3,False,U,5,False,73.5,YoungAdult,S,24.0,
657,0,3,male,,0,0,7.8958,S,0,25.0,,1,True,U,1,False,7.8958,YoungAdult,S,25.0,
658,0,3,female,32.0,1,1,15.5,Q,1,32.0,,3,False,U,2,False,15.5,Adult,Q,32.0,
659,0,2,male,23.0,0,0,13.0,S,0,23.0,,1,True,U,1,False,13.0,YoungAdult,S,23.0,
660,0,1,male,58.0,0,2,113.275,C,0,58.0,,3,False,D,3,False,113.275,Adult,C,58.0,
661,1,1,male,50.0,2,0,133.65,S,0,50.0,,3,False,U,2,False,133.65,Adult,S,50.0,
662,0,3,male,40.0,0,0,7.225,C,0,40.0,,1,True,U,1,False,7.225,Adult,C,40.0,
663,0,1,male,47.0,0,0,25.5875,S,0,47.0,,1,True,E,1,False,25.5875,Adult,S,47.0,
664,0,3,male,36.0,0,0,7.4958,S,0,36.0,,1,True,U,1,False,7.4958,Adult,S,36.0,
665,1,3,male,20.0,1,0,7.925,S,0,20.0,,2,False,U,1,False,7.925,YoungAdult,S,20.0,
666,0,2,male,32.0,2,0,73.5,S,0,32.0,,3,False,U,5,False,73.5,Adult,S,32.0,
667,0,2,male,25.0,0,0,13.0,S,0,25.0,,1,True,U,1,False,13.0,YoungAdult,S,25.0,
668,0,3,male,,0,0,7.775,S,0,25.0,,1,True,U,1,False,7.775,YoungAdult,S,25.0,
669,0,3,male,43.0,0,0,8.05,S,0,43.0,,1,True,U,1,False,8.05,Adult,S,43.0,
670,1,1,female,,1,0,52.0,S,1,35.0,,2,False,C,2,False,52.0,Adult,S,35.0,
671,1,2,female,40.0,1,1,39.0,S,1,40.0,,3,False,U,2,False,39.0,Adult,S,40.0,
672,0,1,male,31.0,1,0,52.0,S,0,31.0,,2,False,B,1,False,52.0,Adult,S,31.0,
673,0,2,male,70.0,0,0,10.5,S,0,70.0,,1,True,U,1,False,10.5,Senior,S,70.0,
674,1,2,male,31.0,0,0,13.0,S,0,31.0,,1,True,U,1,False,13.0,Adult,S,31.0,
675,0,2,male,,0,0,0.0,S,0,30.0,,1,True,U,1,False,0.0,Adult,S,30.0,
676,0,3,male,18.0,0,0,7.775,S,0,18.0,,1,True,U,1,False,7.775,YoungAdult,S,18.0,
677,0,3,male,24.5,0,0,8.05,S,0,24.5,,1,True,U,1,False,8.05,YoungAdult,S,24.5,
678,1,3,female,18.0,0,0,9.8417,S,1,18.0,,1,True,U,1,False,9.8417,YoungAdult,S,18.0,
679,0,3,female,43.0,1,6,46.9,S,1,43.0,,8,False,U,6,False,46.9,Adult,S,43.0,
680,1,1,male,36.0,0,1,512.3292,C,0,36.0,,2,False,B,3,True,249.00622000000035,Adult,C,36.0,
681,0,3,female,,0,0,8.1375,Q,1,21.5,,1,True,U,1,False,8.1375,YoungAdult,Q,21.5,
682,1,1,male,27.0,0,0,76.7292,C,0,27.0,,1,True,D,3,False,76.7292,YoungAdult,C,27.0,
683,0,3,male,20.0,0,0,9.225,S,0,20.0,,1,True,U,1,False,9.225,YoungAdult,S,20.0,
684,0,3,male,14.0,5,2,46.9,S,0,14.0,,8,False,U,6,False,46.9,Teen,S,14.0,
685,0,2,male,60.0,1,1,39.0,S,0,60.0,,3,False,U,2,False,39.0,Senior,S,60.0,
686,0,2,male,25.0,1,2,41.5792,C,0,25.0,,4,False,U,3,False,41.5792,YoungAdult,C,25.0,
687,0,3,male,14.0,4,1,39.6875,S,0,14.0,,6,False,U,6,False,39.6875,Teen,S,14.0,
688,0,3,male,19.0,0,0,10.1708,S,0,19.0,,1,True,U,1,False,10.1708,YoungAdult,S,19.0,
689,0,3,male,18.0,0,0,7.7958,S,0,18.0,,1,True,U,1,False,7.7958,YoungAdult,S,18.0,
690,1,1,female,15.0,0,1,211.3375,S,1,15.0,,2,False,B,3,False,211.3375,Teen,S,15.0,
691,1,1,male,31.0,1,0,57.0,S,0,31.0,,2,False,B,2,False,57.0,Adult,S,31.0,
692,1,3,female,4.0,0,1,13.4167,C,1,4.0,,2,False,U,1,False,13.4167,Child,C,4.0,
693,1,3,male,,0,0,56.4958,S,0,25.0,,1,True,U,7,False,56.4958,YoungAdult,S,25.0,
694,0,3,male,25.0,0,0,7.225,C,0,25.0,,1,True,U,1,False,7.225,YoungAdult,C,25.0,
695,0,1,male,60.0,0,0,26.55,S,0,60.0,,1,True,U,1,False,26.55,Senior,S,60.0,
696,0,2,male,52.0,0,0,13.5,S,0,52.0,,1,True,U,1,False,13.5,Adult,S,52.0,
697,0,3,male,44.0,0,0,8.05,S,0,44.0,,1,True,U,1,False,8.05,Adult,S,44.0,
698,1,3,female,,0,0,7.7333,Q,1,21.5,,1,True,U,1,False,7.7333,YoungAdult,Q,21.5,
699,0,1,male,49.0,1,1,110.8833,C,0,49.0,,3,False,C,4,False,110.8833,Adult,C,49.0,
700,0,3,male,42.0,0,0,7.65,S,0,42.0,,1,True,F,1,False,7.65,Adult,S,42.0,
701,1,1,female,18.0,1,0,227.525,C,1,18.0,,2,False,C,4,False,227.525,YoungAdult,C,18.0,
702,1,1,male,35.0,0,0,26.2875,S,0,35.0,,1,True,E,1,False,26.2875,Adult,S,35.0,
703,0,3,female,18.0,0,1,14.4542,C,1,18.0,,2,False,U,2,False,14.4542,YoungAdult,C,18.0,
704,0,3,male,25.0,0,0,7.7417,Q,0,25.0,,1,True,U,1,False,7.7417,YoungAdult,Q,25.0,
705,0,3,male,26.0,1,0,7.8542,S,0,26.0,,2,False,U,1,False,7.8542,YoungAdult,S,26.0,
706,0,2,male,39.0,0,0,26.0,S,0,39.0,,1,True,U,2,False,26.0,Adult,S,39.0,
707,1,2,female,45.0,0,0,13.5,S,1,45.0,,1,True,U,1,False,13.5,Adult,S,45.0,
708,1,1,male,42.0,0,0,26.2875,S,0,42.0,,1,True,E,1,False,26.2875,Adult,S,42.0,
709,1,1,female,22.0,0,0,151.55,S,1,22.0,,1,True,U,4,False,151.55,YoungAdult,S,22.0,
710,1,3,male,,1,1,15.2458,C,0,25.0,,3,False,U,2,False,15.2458,YoungAdult,C,25.0,
711,1,1,female,24.0,0,0,49.5042,C,1,24.0,,1,True,C,1,False,49.5042,YoungAdult,C,24.0,
712,0,1,male,,0,0,26.55,S,0,40.0,,1,True,C,1,False,26.55,Adult,S,40.0,
713,1,1,male,48.0,1,0,52.0,S,0,48.0,,2,False,C,2,False,52.0,Adult,S,48.0,
714,0,3,male,29.0,0,0,9.4833,S,0,29.0,,1,True,U,1,False,9.4833,YoungAdult,S,29.0,
715,0,2,male,52.0,0,0,13.0,S,0,52.0,,1,True,U,2,False,13.0,Adult,S,52.0,
716,0,3,male,19.0,0,0,7.65,S,0,19.0,,1,True,F,1,False,7.65,YoungAdult,S,19.0,
717,1,1,female,38.0,0,0,227.525,C,1,38.0,,1,True,C,4,False,227.525,Adult,C,38.0,
718,1,2,female,27.0,0,0,10.5,S,1,27.0,,1,True,E,1,False,10.5,YoungAdult,S,27.0,
719,0,3,male,,0,0,15.5,Q,0,25.0,,1,True,U,1,False,15.5,YoungAdult,Q,25.0,
720,0,3,male,33.0,0,0,7.775,S,0,33.0,,1,True,U,1,False,7.775,Adult,S,33.0,
721,1,2,female,6.0,0,1,33.0,S,1,6.0,,2,False,U,3,False,33.0,Child,S,6.0,
722,0,3,male,17.0,1,0,7.0542,S,0,17.0,,2,False,U,1,False,7.0542,Teen,S,17.0,
723,0,2,male,34.0,0,0,13.0,S,0,34.0,,1,True,U,1,False,13.0,Adult,S,34.0,
724,0,2,male,50.0,0,0,13.0,S,0,50.0,,1,True,U,1,False,13.0,Adult,S,50.0,
725,1,1,male,27.0,1,0,53.1,S,0,27.0,,2,False,E,2,False,53.1,YoungAdult,S,27.0,
726,0,3,male,20.0,0,0,8.6625,S,0,20.0,,1,True,U,1,False,8.6625,YoungAdult,S,20.0,
727,1,2,female,30.0,3,0,21.0,S,1,30.0,,4,False,U,2,False,21.0,Adult,S,30.0,
728,1,3,female,,0,0,7.7375,Q,1,21.5,,1,True,U,1,False,7.7375,YoungAdult,Q,21.5,
729,0,2,male,25.0,1,0,26.0,S,0,25.0,,2,False,U,1,False,26.0,YoungAdult,S,25.0,
730,0,3,female,25.0,1,0,7.925,S,1,25.0,,2,False,U,1,False,7.925,YoungAdult,S,25.0,
731,1,1,female,29.0,0,0,211.3375,S,1,29.0,,1,True,B,3,False,211.3375,YoungAdult,S,29.0,
732,0,3,male,11.0,0,0,18.7875,C,0,11.0,,1,True,U,2,False,18.7875,Child,C,11.0,
733,0,2,male,,0,0,0.0,S,0,30.0,,1,True,U,1,False,0.0,Adult,S,30.0,
734,0,2,male,23.0,0,0,13.0,S,0,23.0,,1,True,U,1,False,13.0,YoungAdult,S,23.0,
735,0,2,male,23.0,0,0,13.0,S,0,23.0,,1,True,U,1,False,13.0,YoungAdult,S,23.0,
736,0,3,male,28.5,0,0,16.1,S,0,28.5,,1,True,U,2,False,16.1,YoungAdult,S,28.5,
737,0,3,female,48.0,1,3,34.375,S,1,48.0,,5,False,U,4,False,34.375,Adult,S,48.0,
738,1,1,male,35.0,0,0,512.3292,C,0,35.0,,1,True,B,3,True,249.00622000000035,Adult,C,35.0,
739,0,3,male,,0,0,7.8958,S,0,25.0,,1,True,U,1,False,7.8958,YoungAdult,S,25.0,
740,0,3,male,,0,0,7.8958,S,0,25.0,,1,True,U,1,False,7.8958,YoungAdult,S,25.0,
741,1,1,male,,0,0,30.0,S,0,40.0,,1,True,D,1,False,30.0,Adult,S,40.0,
742,0,1,male,36.0,1,0,78.85,S,0,36.0,,2,False,C,2,False,78.85,Adult,S,36.0,
743,1,1,female,21.0,2,2,262.375,C,1,21.0,,5,False,B,2,True,249.00622000000035,YoungAdult,C,21.0,
744,0,3,male,24.0,1,0,16.1,S,0,24.0,,2,False,U,1,False,16.1,YoungAdult,S,24.0,
745,1,3,male,31.0,0,0,7.925,S,0,31.0,,1,True,U,1,False,7.925,Adult,S,31.0,
746,0,1,male,70.0,1,1,71.0,S,0,70.0,,3,False,B,2,False,71.0,Senior,S,70.0,
747,0,3,male,16.0,1,1,20.25,S,0,16.0,,3,False,U,2,False,20.25,Teen,S,16.0,
748,1,2,female,30.0,0,0,13.0,S,1,30.0,,1,True,U,1,False,13.0,Adult,S,30.0,
749,0,1,male,19.0,1,0,53.1,S,0,19.0,,2,False,D,1,False,53.1,YoungAdult,S,19.0,
750,0,3,male,31.0,0,0,7.75,Q,0,31.0,,1,True,U,1,False,7.75,Adult,Q,31.0,
751,1,2,female,4.0,1,1,23.0,S,1,4.0,,3,False,U,1,False,23.0,Child,S,4.0,
752,1,3,male,6.0,0,1,12.475,S,0,6.0,,2,False,E,2,False,12.475,Child,S,6.0,
753,0,3,male,33.0,0,0,9.5,S,0,33.0,,1,True,U,1,False,9.5,Adult,S,33.0,
754,0,3,male,23.0,0,0,7.8958,S,0,23.0,,1,True,U,1,False,7.8958,YoungAdult,S,23.0,
755,1,2,female,48.0,1,2,65.0,S,1,48.0,,4,False,U,2,False,65.0,Adult,S,48.0,
756,1,2,male,0.67,1,1,14.5,S,0,0.67,,3,False,U,2,False,14.5,Child,S,0.67,
757,0,3,male,28.0,0,0,7.7958,S,0,28.0,,1,True,U,1,False,7.7958,YoungAdult,S,28.0,
758,0,2,male,18.0,0,0,11.5,S,0,18.0,,1,True,U,1,False,11.5,YoungAdult,S,18.0,
759,0,3,male,34.0,0,0,8.05,S,0,34.0,,1,True,U,1,False,8.05,Adult,S,34.0,
760,1,1,female,33.0,0,0,86.5,S,1,33.0,,1,True,B,3,False,86.5,Adult,S,33.0,
761,0,3,male,,0,0,14.5,S,0,25.0,,1,True,U,2,False,14.5,YoungAdult,S,25.0,
762,0,3,male,41.0,0,0,7.125,S,0,41.0,,1,True,U,1,False,7.125,Adult,S,41.0,
763,1,3,male,20.0,0,0,7.2292,C,0,20.0,,1,True,U,1,False,7.2292,YoungAdult,C,20.0,
764,1,1,female,36.0,1,2,120.0,S,1,36.0,,4,False,B,4,False,120.0,Adult,S,36.0,
765,0,3,male,16.0,0,0,7.775,S,0,16.0,,1,True,U,1,False,7.775,Teen,S,16.0,
766,1,1,female,51.0,1,0,77.9583,S,1,51.0,,2,False,D,3,False,77.9583,Adult,S,51.0,
767,0,1,male,,0,0,39.6,C,0,40.0,,1,True,U,1,False,39.6,Adult,C,40.0,
768,0,3,female,30.5,0,0,7.75,Q,1,30.5,,1,True,U,1,False,7.75,Adult,Q,30.5,
769,0,3,male,,1,0,24.15,Q,0,25.0,,2,False,U,3,False,24.15,YoungAdult,Q,25.0,
770,0,3,male,32.0,0,0,8.3625,S,0,32.0,,1,True,U,1,False,8.3625,Adult,S,32.0,
771,0,3,male,24.0,0,0,9.5,S,0,24.0,,1,True,U,1,False,9.5,YoungAdult,S,24.0,
772,0,3,male,48.0,0,0,7.8542,S,0,48.0,,1,True,U,1,False,7.8542,Adult,S,48.0,
773,0,2,female,57.0,0,0,10.5,S,1,57.0,,1,True,E,2,False,10.5,Adult,S,57.0,
774,0,3,male,,0,0,7.225,C,0,25.0,,1,True,U,1,False,7.225,YoungAdult,C,25.0,
775,1,2,female,54.0,1,3,23.0,S,1,54.0,,5,False,U,1,False,23.0,Adult,S,54.0,
776,0,3,male,18.0,0,0,7.75,S,0,18.0,,1,True,U,1,False,7.75,YoungAdult,S,18.0,
777,0,3,male,,0,0,7.75,Q,0,25.0,,1,True,F,1,False,7.75,YoungAdult,Q,25.0,
778,1,3,female,5.0,0,0,12.475,S,1,5.0,,1,True,U,2,False,12.475,Child,S,5.0,
779,0,3,male,,0,0,7.7375,Q,0,25.0,,1,True,U,1,False,7.7375,YoungAdult,Q,25.0,
780,1,1,female,43.0,0,1,211.3375,S,1,43.0,,2,False,B,3,False,211.3375,Adult,S,43.0,
781,1,3,female,13.0,0,0,7.2292,C,1,13.0,,1,True,U,1,False,7.2292,Teen,C,13.0,
782,1,1,female,17.0,1,0,57.0,S,1,17.0,,2,False,B,2,False,57.0,Teen,S,17.0,
783,0,1,male,29.0,0,0,30.0,S,0,29.0,,1,True,D,1,False,30.0,YoungAdult,S,29.0,
784,0,3,male,,1,2,23.45,S,0,25.0,,4,False,U,2,False,23.45,YoungAdult,S,25.0,
785,0,3,male,25.0,0,0,7.05,S,0,25.0,,1,True,U,1,False,7.05,YoungAdult,S,25.0,
786,0,3,male,25.0,0,0,7.25,S,0,25.0,,1,True,U,1,False,7.25,YoungAdult,S,25.0,
787,1,3,female,18.0,0,0,7.4958,S,1,18.0,,1,True,U,1,False,7.4958,YoungAdult,S,18.0,
788,0,3,male,8.0,4,1,29.125,Q,0,8.0,,6,False,U,5,False,29.125,Child,Q,8.0,
789,1,3,male,1.0,1,2,20.575,S,0,1.0,,4,False,U,2,False,20.575,Child,S,1.0,
790,0,1,male,46.0,0,0,79.2,C,0,46.0,,1,True,B,2,False,79.2,Adult,C,46.0,
791,0,3,male,,0,0,7.75,Q,0,25.0,,1,True,U,1,False,7.75,YoungAdult,Q,25.0,
792,0,2,male,16.0,0,0,26.0,S,0,16.0,,1,True,U,2,False,26.0,Teen,S,16.0,
793,0,3,female,,8,2,69.55,S,1,21.5,,11,False,U,7,False,69.55,YoungAdult,S,21.5,
794,0,1,male,,0,0,30.6958,C,0,40.0,,1,True,U,1,False,30.6958,Adult,C,40.0,
795,0,3,male,25.0,0,0,7.8958,S,0,25.0,,1,True,U,1,False,7.8958,YoungAdult,S,25.0,
796,0,2,male,39.0,0,0,13.0,S,0,39.0,,1,True,U,1,False,13.0,Adult,S,39.0,
797,1,1,female,49.0,0,0,25.9292,S,1,49.0,,1,True,D,1,False,25.9292,Adult,S,49.0,
798,1,3,female,31.0,0,0,8.6833,S,1,31.0,,1,True,U,1,False,8.6833,Adult,S,31.0,
799,0,3,male,30.0,0,0,7.2292,C,0,30.0,,1,True,U,1,False,7.2292,Adult,C,30.0,
800,0,3,female,30.0,1,1,24.15,S,1,30.0,,3,False,U,3,False,24.15,Adult,S,30.0,
801,0,2,male,34.0,0,0,13.0,S,0,34.0,,1,True,U,2,False,13.0,Adult,S,34.0,
802,1,2,female,31.0,1,1,26.25,S,1,31.0,,3,False,U,3,False,26.25,Adult,S,31.0,
803,1,1,male,11.0,1,2,120.0,S,0,11.0,,4,False,B,4,False,120.0,Child,S,11.0,
804,1,3,male,0.42,0,1,8.5167,C,0,0.42,,2,False,U,1,False,8.5167,Child,C,0.42,
805,1,3,male,27.0,0,0,6.975,S,0,27.0,,1,True,U,1,False,6.975,YoungAdult,S,27.0,
806,0,3,male,31.0,0,0,7.775,S,0,31.0,,1,True,U,1,False,7.775,Adult,S,31.0,
807,0,1,male,39.0,0,0,0.0,S,0,39.0,,1,True,A,1,False,0.0,Adult,S,39.0,
808,0,3,female,18.0,0,0,7.775,S,1,18.0,,1,True,U,1,False,7.775,YoungAdult,S,18.0,
809,0,2,male,39.0,0,0,13.0,S,0,39.0,,1,True,U,1,False,13.0,Adult,S,39.0,
810,1,1,female,33.0,1,0,53.1,S,1,33.0,,2,False,E,2,False,53.1,Adult,S,33.0,
811,0,3,male,26.0,0,0,7.8875,S,0,26.0,,1,True,U,1,False,7.8875,YoungAdult,S,26.0,
812,0,3,male,39.0,0,0,24.15,S,0,39.0,,1,True,U,2,False,24.15,Adult,S,39.0,
813,0,2,male,35.0,0,0,10.5,S,0,35.0,,1,True,U,1,False,10.5,Adult,S,35.0,
814,0,3,female,6.0,4,2,31.275,S,1,6.0,,7,False,U,7,False,31.275,Child,S,6.0,
815,0,3,male,30.5,0,0,8.05,S,0,30.5,,1,True,U,1,False,8.05,Adult,S,30.5,
816,0,1,male,,0,0,0.0,S,0,40.0,,1,True,B,1,False,0.0,Adult,S,40.0,
817,0,3,female,23.0,0,0,7.925,S,1,23.0,,1,True,U,1,False,7.925,YoungAdult,S,23.0,
818,0,2,male,31.0,1,1,37.0042,C,0,31.0,,3,False,U,2,False,37.0042,Adult,C,31.0,
819,0,3,male,43.0,0,0,6.45,S,0,43.0,,1,True,U,1,False,6.45,Adult,S,43.0,
820,0,3,male,10.0,3,2,27.9,S,0,10.0,,6,False,U,6,False,27.9,Child,S,10.0,
821,1,1,female,52.0,1,1,93.5,S,1,52.0,,3,False,B,2,False,93.5,Adult,S,52.0,
822,1,3,male,27.0,0,0,8.6625,S,0,27.0,,1,True,U,1,False,8.6625,YoungAdult,S,27.0,
823,0,1,male,38.0,0,0,0.0,S,0,38.0,,1,True,U,1,False,0.0,Adult,S,38.0,
824,1,3,female,27.0,0,1,12.475,S,1,27.0,,2,False,E,2,False,12.475,YoungAdult,S,27.0,
825,0,3,male,2.0,4,1,39.6875,S,0,2.0,,6,False,U,6,False,39.6875,Child,S,2.0,
826,0,3,male,,0,0,6.95,Q,0,25.0,,1,True,U,1,False,6.95,YoungAdult,Q,25.0,
827,0,3,male,,0,0,56.4958,S,0,25.0,,1,True,U,7,False,56.4958,YoungAdult,S,25.0,
828,1,2,male,1.0,0,2,37.0042,C,0,1.0,,3,False,U,2,False,37.0042,Child,C,1.0,
829,1,3,male,,0,0,7.75,Q,0,25.0,,1,True,U,1,False,7.75,YoungAdult,Q,25.0,
830,1,1,female,62.0,0,0,80.0,,1,62.0,,1,True,B,2,False,80.0,Senior,S,62.0,
831,1,3,female,15.0,1,0,14.4542,C,1,15.0,,2,False,U,2,False,14.4542,Teen,C,15.0,
832,1,2,male,0.83,1,1,18.75,S,0,0.83,,3,False,U,3,False,18.75,Child,S,0.83,
833,0,3,male,,0,0,7.2292,C,0,25.0,,1,True,U,1,False,7.2292,YoungAdult,C,25.0,
834,0,3,male,23.0,0,0,7.8542,S,0,23.0,,1,True,U,1,False,7.8542,YoungAdult,S,23.0,
835,0,3,male,18.0,0,0,8.3,S,0,18.0,,1,True,U,1,False,8.3,YoungAdult,S,18.0,
836,1,1,female,39.0,1,1,83.1583,C,1,39.0,,3,False,E,1,False,83.1583,Adult,C,39.0,
837,0,3,male,21.0,0,0,8.6625,S,0,21.0,,1,True,U,1,False,8.6625,YoungAdult,S,21.0,
838,0,3,male,,0,0,8.05,S,0,25.0,,1,True,U,1,False,8.05,YoungAdult,S,25.0,
839,1,3,male,32.0,0,0,56.4958,S,0,32.0,,1,True,U,7,False,56.4958,Adult,S,32.0,
840,1,1,male,,0,0,29.7,C,0,40.0,,1,True,C,1,False,29.7,Adult,C,40.0,
841,0,3,male,20.0,0,0,7.925,S,0,20.0,,1,True,U,1,False,7.925,YoungAdult,S,20.0,
842,0,2,male,16.0,0,0,10.5,S,0,16.0,,1,True,U,2,False,10.5,Teen,S,16.0,
843,1,1,female,30.0,0,0,31.0,C,1,30.0,,1,True,U,2,False,31.0,Adult,C,30.0,
844,0,3,male,34.5,0,0,6.4375,C,0,34.5,,1,True,U,1,False,6.4375,Adult,C,34.5,
845,0,3,male,17.0,0,0,8.6625,S,0,17.0,,1,True,U,1,False,8.6625,Teen,S,17.0,
846,0,3,male,42.0,0,0,7.55,S,0,42.0,,1,True,U,1,False,7.55,Adult,S,42.0,
847,0,3,male,,8,2,69.55,S,0,25.0,,11,False,U,7,False,69.55,YoungAdult,S,25.0,
848,0,3,male,35.0,0,0,7.8958,C,0,35.0,,1,True,U,1,False,7.8958,Adult,C,35.0,
849,0,2,male,28.0,0,1,33.0,S,0,28.0,,2,False,U,3,False,33.0,YoungAdult,S,28.0,
850,1,1,female,,1,0,89.1042,C,1,35.0,,2,False,C,2,False,89.1042,Adult,C,35.0,
851,0,3,male,4.0,4,2,31.275,S,0,4.0,,7,False,U,7,False,31.275,Child,S,4.0,
852,0,3,male,74.0,0,0,7.775,S,0,74.0,,1,True,U,1,False,7.775,Senior,S,74.0,
853,0,3,female,9.0,1,1,15.2458,C,1,9.0,,3,False,U,2,False,15.2458,Child,C,9.0,
854,1,1,female,16.0,0,1,39.4,S,1,16.0,,2,False,D,1,False,39.4,Teen,S,16.0,
855,0,2,female,44.0,1,0,26.0,S,1,44.0,,2,False,U,2,False,26.0,Adult,S,44.0,
856,1,3,female,18.0,0,1,9.35,S,1,18.0,,2,False,U,1,False,9.35,YoungAdult,S,18.0,
857,1,1,female,45.0,1,1,164.8667,S,1,45.0,,3,False,U,2,False,164.8667,Adult,S,45.0,
858,1,1,male,51.0,0,0,26.55,S,0,51.0,,1,True,E,1,False,26.55,Adult,S,51.0,
859,1,3,female,24.0,0,3,19.2583,C,1,24.0,,4,False,U,4,False,19.2583,YoungAdult,C,24.0,
860,0,3,male,,0,0,7.2292,C,0,25.0,,1,True,U,1,False,7.2292,YoungAdult,C,25.0,
861,0,3,male,41.0,2,0,14.1083,S,0,41.0,,3,False,U,1,False,14.1083,Adult,S,41.0,
862,0,2,male,21.0,1,0,11.5,S,0,21.0,,2,False,U,1,False,11.5,YoungAdult,S,21.0,
863,1,1,female,48.0,0,0,25.9292,S,1,48.0,,1,True,D,1,False,25.9292,Adult,S,48.0,
864,0,3,female,,8,2,69.55,S,1,21.5,,11,False,U,7,False,69.55,YoungAdult,S,21.5,
865,0,2,male,24.0,0,0,13.0,S,0,24.0,,1,True,U,1,False,13.0,YoungAdult,S,24.0,
866,1,2,female,42.0,0,0,13.0,S,1,42.0,,1,True,U,1,False,13.0,Adult,S,42.0,
867,1,2,female,27.0,1,0,13.8583,C,1,27.0,,2,False,U,1,False,13.8583,YoungAdult,C,27.0,
868,0,1,male,31.0,0,0,50.4958,S,0,31.0,,1,True,A,1,False,50.4958,Adult,S,31.0,
869,0,3,male,,0,0,9.5,S,0,25.0,,1,True,U,1,False,9.5,YoungAdult,S,25.0,
870,1,3,male,4.0,1,1,11.1333,S,0,4.0,,3,False,U,3,False,11.1333,Child,S,4.0,
871,0,3,male,26.0,0,0,7.8958,S,0,26.0,,1,True,U,1,False,7.8958,YoungAdult,S,26.0,
872,1,1,female,47.0,1,1,52.5542,S,1,47.0,,3,False,D,2,False,52.5542,Adult,S,47.0,
873,0,1,male,33.0,0,0,5.0,S,0,33.0,,1,True,B,1,False,5.0,Adult,S,33.0,
874,0,3,male,47.0,0,0,9.0,S,0,47.0,,1,True,U,1,False,9.0,Adult,S,47.0,
875,1,2,female,28.0,1,0,24.0,C,1,28.0,,2,False,U,2,False,24.0,YoungAdult,C,28.0,
876,1,3,female,15.0,0,0,7.225,C,1,15.0,,1,True,U,1,False,7.225,Teen,C,15.0,
877,0,3,male,20.0,0,0,9.8458,S,0,20.0,,1,True,U,2,False,9.8458,YoungAdult,S,20.0,
878,0,3,male,19.0,0,0,7.8958,S,0,19.0,,1,True,U,1,False,7.8958,YoungAdult,S,19.0,
879,0,3,male,,0,0,7.8958,S,0,25.0,,1,True,U,1,False,7.8958,YoungAdult,S,25.0,
880,1,1,female,56.0,0,1,83.1583,C,1,56.0,,2,False,C,2,False,83.1583,Adult,C,56.0,
881,1,2,female,25.0,0,1,26.0,S,1,25.0,,2,False,U,2,False,26.0,YoungAdult,S,25.0,
882,0,3,male,33.0,0,0,7.8958,S,0,33.0,,1,True,U,1,False,7.8958,Adult,S,33.0,
883,0,3,female,22.0,0,0,10.5167,S,1,22.0,,1,True,U,1,False,10.5167,YoungAdult,S,22.0,
884,0,2,male,28.0,0,0,10.5,S,0,28.0,,1,True,U,1,False,10.5,YoungAdult,S,28.0,
885,0,3,male,25.0,0,0,7.05,S,0,25.0,,1,True,U,1,False,7.05,YoungAdult,S,25.0,
886,0,3,female,39.0,0,5,29.125,Q,1,39.0,,6,False,U,5,False,29.125,Adult,Q,39.0,
887,0,2,male,27.0,0,0,13.0,S,0,27.0,,1,True,U,1,False,13.0,YoungAdult,S,27.0,
888,1,1,female,19.0,0,0,30.0,S,1,19.0,,1,True,B,1,False,30.0,YoungAdult,S,19.0,
889,0,3,female,,1,2,23.45,S,1,21.5,,4,False,U,2,False,23.45,YoungAdult,S,21.5,
890,1,1,male,26.0,0,0,30.0,C,0,26.0,,1,True,C,1,False,30.0,YoungAdult,C,26.0,
891,0,3,male,32.0,0,0,7.75,Q,0,32.0,,1,True,U,1,False,7.75,Adult,Q,32.0,
